sgRNA	gene	Sxnc	Eoicr	Hvzwipb	Hkdqzgbytcf
ACAGCGTAGTGCAAAACAG	Wwtxj	646	409	186	962
GACGTCATTCACTGTGAAG	Qmin	225	785	88	427
TGTTGATGAAGGTGCACCCG	Xlgrb0	363	226	19	460
GGGGTCCACCGATAACCGGGAGG	Ndxe95	46	180	374	236
ATGGTGTCACAATTTGTGA	Gcarf81	235	231	424	309
CGGCACTCGCGCCGGAACGAGGG	Wotwb	408	721	278	105
GACTTCCACCTCCCAGTAG	Ffptj62	927	105	784	393
CTGGTGCAAAAGCCCCTCTCGGG	Kgfdvu	452	446	330	211
CAGTCGTTTCTTATGGCAA	Yaczvxn	895	368	159	730
ACAGTTACCTTTCCACCATA	Nisw8	458	631	129	976
GGAAACCTCCCCACCCCAGA	Yaczvxn	179	588	892	950
TGTCTAGAAGCAGTGCCAAG	Urva39	258	1000	722	490
GAAACAGAATTTCATAAGA	Zbzwj9	204	973	598	289
GATTCTGTCCTAGATCCCAG	Jcjgmqa90	716	474	31	331
TCTGGTCCAGGTTGCGGAAG	Hpidfa	251	477	256	761
GAAATACCTGATCATCCCTG	Wwtxj	553	26	239	241
GAGCACCTAAAAGTCAGAT	Qoeg	837	686	634	234
TCAACTCCTTGTTATACACC	Kwznvd80	855	980	559	907
CGTGTGTAAAGACAAGAGA	Xvwuz	849	813	659	899
GTTATTGGATCCCACTCAGA	Eflp15	721	675	284	971
GAAAGGTCCATCAGAGAAG	Gvqti8	749	328	167	671
AAGTTGGCACACCACCTACA	Wotwb	782	836	672	760
GCATACTACGTGCAGGAGCA	Ldlb35	348	791	354	867
CGACACATGGACAGCACGG	Vfxncrp0	318	819	785	864
CTCCTCACCCAGCAACTCG	Qysdhnf8	824	1	934	523
TTACTAGGTGGATATGCAGT	Kwznvd80	120	834	35	887
TGCTAGGGACACCCAAGTCA	Ewlc8	141	288	715	377
TGTAAGGGCGCAAACCACTGAGG	Kmlp4	188	209	144	498
AACTTGATGTTCTTAGAAGA	Sjlkqgb	655	88	434	145
AGGATCGTAATCTATGGCAA	Gvszgh8	641	338	630	654
AGTGTGGAGACGGAACGCGA	Uieqtrb	618	742	837	694
CGGCTCGAGACGCGGGAAT	Yfijg5	581	806	263	0
CCACACAGGCCGGCGTGTC	Urva39	333	53	387	966
GTGGTTTGTGAAATAATCATGGG	Husam49	428	598	171	329
ACAGCCGCCAGGAGCTACTC	Jbxdtih9	202	708	921	106
TCTGCTGATGGTGGTGATGA	Hrazgjq47	916	193	29	424
AGTTCTGACAGTGACACTGA	Wwtxj	32	446	503	209
CCTGCTCAGCGCCTACGGCG	Hrazgjq47	210	152	625	469
GGATCGAGATGGAGCCCAAG	Xvmyqf	563	856	87	701
TGTTGGCTACAACTATGAG	Hstki	442	588	69	985
CCCGGAATCGTGTGCTGGGC	Xvwuz	368	71	879	804
GCTCTTACCACGGTGGTGTT	Wuacgws	10	845	985	599
TGCCAGGATCTTACCTTGCGAGG	Pcauhol9	693	71	100	251
CGGGTCTGCGGTAATCCAGCCGG	Rkcfows80	689	309	53	486
TTAGGTACTACTCCAGCCTT	Qeim	882	798	995	772
GCGCAGGACGAAGGTGAAGC	Wotwb	402	939	378	659
GTTGTCACTCTCATACGCA	Xlgrb0	501	47	137	988
AATCTCGCTCCCTACCGACA	Gvqti8	605	481	813	215
GGATACCCTGATGGAGTATT	Gsle9	661	506	153	740
TATGGCAATATTCGAGCTG	Juast	787	419	915	529
GAATGAGCTACGCAAGCGCC	Bxltvfh82	53	758	934	575
CGGGTACAATAGATGTCCC	Heko15	973	137	119	540
GGTACGCTTGGTTTTGATGG	Rhbmcui	860	699	748	385
GGGCATGGAGGAGAAGGCGG	Jzaqrh	509	726	199	223
GATGCCTATATTTCTCGATGAGG	Hwxmbru	563	651	222	123
ACTGTGTCTGCCAGAAGGCG	Rtfgbkn1	90	512	212	199
GTGGCAGCAGCTGCCTCAAG	Zjrw	240	500	748	194
GCTTCTTGTTTCCCAAAATC	Yfijg5	406	615	615	228
TCTCCGACAAGCTGAGCACC	Nisw8	246	916	944	288
CTTCCCAAAATAGAAATAG	Gcarf81	698	342	916	161
TTATGAGGGGGTACTCAGAGTGG	Zjozemv6	209	750	1	755
AACCGAGAAAAGAAGCCAG	Vfxncrp0	599	656	860	934
TTCGGGCCAGAGCCTGCCAG	Kmlp4	377	77	967	342
CTCGTAGGCGGCCTTGATGC	Jzaqrh	143	653	615	879
AGAGGGCACCACGAAAAGTG	Sjlkqgb	359	899	987	441
CTGAGTTACGGCTAAGATG	Bqtk19	83	334	929	610
GTCCCCCTTGTCGACTCCGA	Jcjgmqa90	258	419	155	340
GCGTTTCTATCCGGCTCTGC	Qmin	255	637	880	268
CTTGCATAATTGCCGCTCT	Jzaqrh	574	467	216	1
AACACCAGAGGTCACACACG	Mdrpz7	192	519	937	45
ATCCTGTCTCGGATTGTGGG	Xvwuz	7	998	174	225
AGCCAGAGACTGAGAGCCAG	Eflp15	157	964	359	151
AAGAAATGCTGACAGGCCAG	Jcjgmqa90	201	844	923	510
CAGGAGGCGGAACCAGACGG	Urva39	462	81	4	240
TACAGCTGCTCTTGAAACG	Qeytcm36	999	682	197	723
CTGGTGGTCCAGCTCGTGGG	Hwxmbru	293	474	630	483
GTCGATATTTAACAACGGG	Itvfs	0	189	149	435
GTTCTATCCCCCCGGGTGC	Hrazgjq47	184	345	413	884
GTGTCAAGTCCAAACCCATC	Fzwc6	936	327	60	216
AGTTCTTCTACTCCAGCCT	Rkcfows80	723	832	58	665
TTCTTCCGAACGGGGGTCC	Zjozemv6	863	590	619	327
CTAAAAGCTTTCCAACACACAGG	Ykqrp7	477	493	671	117
TAGTGGATGCTCGAGACTC	Jcjgmqa90	361	357	790	184
ACAGCAGCGTCTCTCGAGT	Zcfxwy	932	675	773	693
TAGGTTTAAACACACTTGAG	Ykqrp7	386	385	662	733
GCCGGAAGGGTACATACCG	Hstki	23	258	363	295
CGTCGTCAACCCTCAGAGCA	Zexgq29	195	471	375	926
GAAGAGTGCTGCTTACTCCCAGG	Xlgrb0	132	995	718	234
TCGTACCTGAGCATGGACG	Nhwzt	125	343	925	589
AATTTCACACTGCCACCGT	Urva39	467	914	1000	679
TCAATGATGACTTCTAGTTT	Qxwg6	971	632	637	729
GAGAAGCACATCAGCGAGC	Qeytcm36	541	132	298	787
GGAAAGACTGTCCTGAACAA	Yfijg5	50	542	72	537
AGTCGTGACCAGGATGTAGTAGG	Meuxsq3	750	857	969	509
GTCCGCCTCTAGCTCGAGTA	Rhbmcui	497	780	184	237
GAAGAAGTACTCAGGAGGTG	Nhwzt	131	341	98	11
AGCTGAGTTACCAACGAAG	Juast	139	970	703	327
AGATGCCACTGTGGTTGAAG	Wuacgws	775	107	53	183
GCCACCCATAAGCTACGAGGAGG	Nisw8	417	405	121	178
GGCGGCCTGTTGGGGTAGAG	Enht2	562	732	595	842
GAAAATCAATATCCAATAAA	Dwklva21	759	298	964	697
TTGTTTCATTATGCCCGAGCTGG	Ndxe95	678	698	240	504
GTCTGTGCACTCGGCCCACC	Yqhuvtw4	134	315	57	676
ACACAGAAGTCATGCGAAG	Jsakmu	954	987	12	313
TCATTCGCAACCTGTAGGG	Husam49	361	573	217	50
CTCGCTAGTGCTGCGCGAGG	Urva39	391	17	912	589
GTTCCAGGTCGGCTGTCCAA	Ymhtq	836	76	576	994
CAATGACCACCATAAGCTGA	Qysdhnf8	299	460	53	271
GGAGCTGCTGACCACCCTG	Vkxipvz0	822	902	26	627
ACTCATCAGAGAGATCAGCC	Vfxncrp0	840	482	262	470
TCTTGAACAGGAAATTTGAG	Hrazgjq47	550	707	522	734
ATCCACAGGGTCCGTGCAGG	Bxltvfh82	466	975	291	456
CAGGACCTCAGTCCTGAAG	Jbxdtih9	250	564	979	535
AGTGGCCAGCGAGATCATGGCGG	Qmin	32	243	924	320
AGGTGATCGAACTGGGCGCG	Gsle9	884	535	309	222
AGTTGAGCCATTAAAGGAG	Fzwc6	933	83	469	939
CAGGGTCCCCAGGCCTTAAA	Zbzwj9	876	343	715	902
GCTGGGCCGGAAAGAAGAAG	Qeim	386	494	700	241
GGCCCAGAAGTTACTGCAGA	Hwxmbru	666	564	135	95
CGATCTCCTCCATCTTCCCG	Qeytcm36	537	748	479	9
CCTCTTTCACCTCACTTTGT	Sjlkqgb	542	54	732	907
TCACCCGTGGGGGACCCTACTGG	Ozxvfe04	24	496	342	456
TGGAGTACGCTCAGCAGCGC	Dwklva21	525	306	129	51
GTAGTCAACCCCCTTGTCTA	Wwtxj	842	195	405	571
GAGTATGGTCCTGGTGTTCA	Gvqti8	952	248	200	920
CAGCACATATGAAGCATAG	Rpun	104	348	952	412
AAACGGAGGTTCTTCAGAAG	Qldbrk39	74	565	54	224
TCTGCAATGGGGGTCACCCAGGG	Hpqy6	369	808	884	498
ATCGCCAAGATAATCACCAA	Jbpa76	128	467	702	743
GGATAGAACCAACCATGTTG	Gcarf81	866	678	363	716
GGCTCTCTATTAGAATCAGA	Vzjlgte58	848	670	904	987
TACGACCGTCTGCGCCGCCC	Ymhtq	94	21	972	441
CAGTGGCTTGGTCTTCACGG	Yfijg5	608	622	679	61
GGCACCGAACTGGAACTGA	Jzaqrh	719	915	846	785
GGTCCGGCCACGCAATGCA	Zexgq29	964	804	86	833
TCCACCATGGAGCTCCTGCG	Wotwb	537	485	928	663
ATTTCCACAGATCCGGAACATGG	Rsbq0	892	735	731	209
GAAGGCACCTCAAATAAAGG	Vkxipvz0	207	505	829	105
GGTGGTGTGTGGCTATGGTG	Juast	509	591	979	879
AGGTCCTGCCCAGCAGCGG	Qysdhnf8	286	923	127	954
AAGCTCATTCAAGAAAAAA	Heko15	349	583	120	863
GTAGAGTTTATAGAGGTAGGGGG	Hpidfa	351	282	954	453
GTCGGTCGAAGAAATACTCG	Jcjgmqa90	228	239	925	749
GAAGATGGCGGACGCGGCCG	Nhwzt	65	211	456	402
GTTAGGTCCCTTGAGCAAG	Gvqti8	675	771	769	442
AACCTCCATCCTGTGAGCCC	Wsyazg	169	820	208	192
GGTCAGCTGATTCCTTCCCT	Pzyiw8	653	564	606	199
GGGTGCCTTGAAGAGAGTTG	Ymhtq	449	517	164	200
TGACGTGCAACTCAAAGACC	Fxsq75	763	897	146	66
CCCTGGGTCCAGGCCGCCG	Meuxsq3	334	429	740	947
GTGGGACAGGCTATGGCATT	Enht2	144	711	900	771
GCAGAAACACTTTCACGTA	Qldbrk39	60	744	963	842
CCCTAGGACTAAAAAGCAAA	Urva39	583	637	146	616
CAACAACCAGCAGAATGCCG	Fmhctyb	795	235	161	338
AGAAACTTTGTGAAATTGAG	Gvszgh8	353	488	925	950
ACCTCCTGGCACGAGAAGGGCGG	Fzwc6	779	764	318	848
GGATATCACAGGCTAAAGGA	Uhaumof86	46	101	409	126
GAACACAAAAACTGGTCGG	Juast	98	915	933	275
GGCTTCCTATGAAAGAGAAG	Jbxdtih9	553	775	781	230
GACTCCCTGCTGCTAGAGAC	Rrqo0	941	352	400	5
CTCCAGCGATGTAATCGAAA	Qeim	829	915	505	25
GTGGTGGTGGTTGGAGGCCG	Mdzg18	490	351	647	203
GAAGAGGACACTTCTGATGG	Juast	991	565	970	465
ACAGAACAGTGTCTTGATGG	Nhwzt	525	784	476	255
CAGCTCTTCGTGATCGACAA	Eflp15	157	148	288	199
CATCAGCTGCTTAAATTTGC	Juast	757	801	235	249
TCAACTTCAATAACGCAACT	Wuacgws	142	337	320	175
CCTGCCTGTCCAGCCCGGTG	Dsfwptx2	84	978	856	986
CCGGGCTTCAGGAATAAAGG	Wotwb	198	342	362	588
CATTGTTGAGACTGTCCAG	Hstki	616	208	784	904
CAAAGAGGAGAAAGATGCCG	Jzaqrh	99	153	869	121
AGGTCAACTGCGCACAAGG	Zjrw	548	5	712	562
CCAAAGACTTGGACACCTAG	Ndxe95	298	752	316	1
CTATCACAGGGCGATCAAG	Mdzg18	797	727	756	978
GGACAACAAGCTCAAGACCG	Uieqtrb	847	233	62	997
CGAATACTGCTACCGCGACG	Aonu8	850	967	621	283
CTGTGTGAAGATCTTCTCTACGG	Yaczvxn	837	718	278	677
TCAAGGCCGAGTACAAACGT	Lbujspo20	436	417	98	212
CTCACCGGCCACAGTTGCAG	Kmlp4	682	17	816	549
CACAGTGGATGAGTTCTCGGGGG	Juast	351	663	943	753
GCATTTCAACGTAAGTGTG	Mdrpz7	705	253	684	29
TGGAAGATAGCTCCAGCGA	Hwxp30	405	142	610	738
AGGGTGTGCAGCTTTCGTTG	Ldlb35	73	818	312	621
AAGACGTTGAACAGCTCTTC	Fmhctyb	268	590	143	22
CCGCCTCTGTAGGTTCTGTC	Ldlb35	376	256	926	986
AATCGCTGGAACCCGGGAGG	Qeim	57	417	486	380
GAGGCCAAGTGATAACCCAGCGG	Zexgq29	764	9	957	518
TCACCAATTCCAGGGCTCGC	Doqu	74	203	314	950
GCGGAAGACCCCGTCGGCGA	Jbxdtih9	13	620	209	220
ATACTCGGTGACGATGTAGA	Fxsq75	965	903	378	938
GCTACGCGCGGAAATGGCCG	Ndxe95	113	111	688	501
TTTCTAGGAGAAGACTGGAG	Eflp15	961	498	186	173
GAGTGAGCAGGGCTACAAA	Rhbmcui	795	374	338	108
CATCAAAAGGGAGGCAGTA	Xlgrb0	547	793	585	984
AGGTTTCGGATCATTCCGAA	Fxsq75	799	266	579	329
CGTGCTGGTGGTGCTGCTGG	Mrveio	815	843	51	652
GTGTCATAAAATACCAGTGGAGG	Zcukgzl94	551	261	511	76
CCAATACAGAGGCAGAGTCC	Qysdhnf8	14	455	217	989
AGATCTATAACACAATTCGT	Yaczvxn	57	559	663	377
CGGCGAATCTGAATGCGGTGCGG	Dwklva21	479	188	199	902
TTGGCCACCGCAAAGCACTGTGG	Kmlp4	320	188	241	396
AAGCCTGGCCTCGGTCCCTG	Mwhdrs5	177	653	985	132
AGGCTCCCAGAGAAATGAG	Xvwuz	927	719	813	861
CCGCTTCAGCCGGAAGGAGA	Kwznvd80	101	874	702	818
CAATGGTAGCAGCAGATGC	Qldbrk39	293	625	417	105
ATGACTACCGTGTCAGCGG	Sjlkqgb	358	772	812	990
GATGCCGTCACGTACCTCGCAGG	Rtfgbkn1	611	37	98	284
ATGGCATGGCTTCCTCCGG	Sjlkqgb	261	733	821	991
GGACCCGTGAAAGAGCTGGTCGG	Wuacgws	528	404	891	783
AGCTGCAAGAATCATTCAG	Zjrw	936	237	29	765
AAGAGCCTTGAGAAGATTCT	Meuxsq3	754	850	137	825
CCAATGTCCAGCTTCCACCG	Rzlpq38	432	735	916	128
ACCCCAGAGTCTCTCCGACAGGG	Itvfs	811	95	295	825
GATGACGCACAGGTTCAGGA	Rtfgbkn1	418	981	789	766
CCGCGACTCGCGCTCGGGTT	Wotwb	451	963	373	151
AACTGCCTTCATCCATCACC	Qeytcm36	447	402	861	452
CAAGGGTGTTTCTCCATCAC	Dsfwptx2	935	612	633	13
AGCTCAGTCCACTGTGTTGA	Vkxipvz0	966	614	50	322
GGGCATCCGACTCTTGTGAT	Kwznvd80	612	836	98	659
TCGGTCCTCGGCGGATCAGG	Beiwtf	234	562	525	804
ACTACAAGGGGATGGACAG	Sctgkpj1	944	368	905	93
CCACATCTTTCACACGAGGT	Zbzwj9	928	256	966	58
CCTTACAGATGAAGAAACTG	Yaczvxn	442	917	620	735
AGAAGCCTCCTGGCAATCTC	Ffptj62	45	373	892	227
AGCGACAAAAAATAAAGCT	Itvfs	403	250	460	9
ATGTCCCTGAAGATATCCGG	Wotwb	501	315	363	904
TACTCAAAGACGCCTGTACC	Mwhdrs5	487	492	678	382
GGGAACCCTCAAAGGTGGGG	Jbpa76	464	81	199	63
GCCACCCTGGCTGTGGAGA	Qeim	537	881	676	171
CTAGGTTAACACCTAAAAT	Sctgkpj1	299	13	855	104
AAGGCCTCTGTGAAAGCTC	Uieqtrb	85	812	185	882
TGGAGCTTCAGGCTGCCCG	Hrazgjq47	242	988	781	437
GGGTCTCATAGTCCACACAG	Vfxncrp0	797	346	851	804
TGACCACAGGCTCACCTCG	Nisw8	437	328	583	249
ATTGTAGATAAAATAGACG	Fmhctyb	863	944	885	432
AGGGCCGAGTGGTGTGGAA	Zjozemv6	715	764	296	97
ATTGTATCATGGCTCCGTTG	Itvfs	742	563	120	825
GGGGATGTAGTAGAACAGTGAGG	Ewlc8	276	172	366	324
GTTCCGATTAAGAGTTCCCA	Hpqy6	588	795	590	923
AAAGTGTCAGATCCAGACTG	Sjlkqgb	979	331	734	751
AGTGCTGCAGTACCATGCCA	Wsyazg	930	867	433	602
AAGGCAGCGGAAGCTCCTGG	Ndxe95	531	881	0	656
AAGTATCGAGAATGGATATG	Xvwuz	250	126	71	469
TGCAGCCACGGCTTGAAGTG	Yfijg5	854	577	309	796
ATCTGCAACACACTCCAGCC	Ewlc8	162	750	766	711
TCAAGGACCCTAATGGCCAC	Yaczvxn	526	43	974	924
AGTCTCCAAGATTGACAGC	Kwznvd80	673	460	223	996
CCAAAATGAGCTGTAAGAAG	Jsakmu	991	34	473	710
GGTGGACGTGGCGGCCCAGC	Qxwg6	795	302	414	797
GAAGCTGTTGTACATGAAG	Rudpz73	528	230	722	389
CCGCTGCAGGAGCCACAAGA	Rzlpq38	305	105	282	110
AGGAAATGGGAGGTGTTCCC	Sjlkqgb	257	465	426	349
GTGAACTGTCAATGAAGTGA	Rhbmcui	433	471	239	832
CCTCGTGGGACACAACCCTGCGG	Wsyazg	170	715	778	486
TTCGGCTTCAGCTTCAGCCC	Ideqaw	729	741	670	118
TTTCTAAGGGAAGCGACATC	Uhaumof86	512	82	720	386
GTCTGTACAGAGATGTGATG	Jcjgmqa90	958	31	933	870
GCCGCATTCCACGCAGGGCG	Sctgkpj1	651	131	897	802
GGCCACCAGCTTGGAAGCAG	Gayutvo78	124	34	911	944
TGAGCAATGACACTACATGTGGG	Rzlpq38	988	557	969	206
TTCCTGCCTGCCTGGGTGAG	Mrveio	736	128	802	416
TCCATTGCAATATTCAGGG	Ideqaw	95	429	105	206
GTCCTATGGGTGTAAATGG	Eflp15	459	54	247	123
GTCAGCAGACCATAAGAATT	Gvqti8	20	779	418	941
GGTGTGTTGGCCAAGAGCGC	Eflp15	738	848	952	782
TCTGGTTGTAGATTATCCTG	Ewlc8	160	542	714	717
TCCCTCTTCTGTGCTACTC	Lbujspo20	0	31	366	50
GTCCAGCAAGGAGACCCAG	Wsyazg	525	19	621	512
AAATTCGAATCCCCTGACAA	Vfxncrp0	9	950	151	325
TCCTCCCGAGGTTCGCTGAG	Hpqy6	398	886	923	882
AGAGTAGTTAAACTCAACGGTGG	Dwklva21	617	915	412	953
GAAGATGATGGAGTAGATGG	Gtjd	213	208	510	272
CTCCTACCGAGTTCGAGCCC	Vkxipvz0	257	310	9	853
GATCTGGTACTTGGTATAG	Doqu	565	478	381	281
GTACTGACCGCCTTAGATGG	Pzyiw8	511	301	395	428
GGTCAATGAGGATGACGAAG	Qldbrk39	608	761	174	262
CAGCATGGCCACCAATGACA	Qxwg6	361	847	617	714
TGGATAAGCACTTGGAATCACGG	Rhbmcui	226	753	940	459
TCAGAAGGACTTCAAAGCG	Jbpa76	605	104	106	33
GCTGCTGCAGCGGCAGGTGC	Mrveio	835	127	604	995
GCCCCAGGCCAGCAGCAAG	Ideqaw	974	898	52	562
GGCATAAATATAATCCACTGGGG	Kgfdvu	406	273	130	265
TCACTTAGGAGACCAAATAGTGG	Hrazgjq47	682	284	640	530
TTGCTGCTTCTTCTTTGGCG	Zcfxwy	712	277	638	925
GTATCAAGCTCATCACCGA	Bqtk19	0	827	740	7
GTTCCACAGCGTCTGCACCC	Xlgrb0	762	986	326	457
TCACTGCATGAATTTACACG	Mdzg18	244	302	650	179
TAGCTGCCATCCCACTACCC	Mwhdrs5	218	339	618	761
TTGGTCCCATCTTGAAAGTC	Sctgkpj1	438	588	643	602
ATGGTCAGGGGTGAGATGTGTGG	Pzyiw8	82	250	648	574
GGACTTAGTCCAGGAACCGCTGG	Fmhctyb	777	215	116	14
TTCAGTTCCGGTGTCTCGCC	Doqu	778	903	787	443
ACAATCATCAGCTATCTACC	Beiwtf	602	574	648	177
GAGGAGGCGGAGCGCTCCGA	Qxwg6	785	721	624	802
ACAAAGAAATCAACAAAAG	Mdzg18	461	3	703	678
TTACACTGATCTGGAGCTGA	Itvfs	79	422	457	176
TTGTGGGAAAACCTTCCATC	Juast	844	311	674	29
CTCATATACGTGGTAGAGGG	Kwznvd80	99	54	101	845
CTTTGTCCAGCTTGCGTGAC	Gtjd	489	40	29	9
ACATTCTCGATGGTGTCACT	Wuacgws	8	804	214	457
AAAAACAAGAGAAATAGAGTTGG	Vkxipvz0	806	317	514	865
CTTTCCCCACCAAATTGGGT	Jbxdtih9	898	792	758	106
TCAGGTTTGGATGCTAACAG	Rudpz73	5	532	421	793
GTCAGAGCACCGGAAGTTCC	Hpqy6	565	919	199	430
AAACAAGGGCATCATCACCA	Mdrpz7	952	831	835	958
GGGGCAGCCATCTCCCAAG	Ldlb35	566	399	506	869
GGCTCACCATGAATTCACTT	Zcukgzl94	388	987	771	475
GCTCGCGGCCGAGTCAATGG	Kwznvd80	511	669	259	851
ATATATCCCAAGAACACGAAGGG	Wwtxj	589	70	930	44
GGGAATGCCACGGACCACGA	Zcukgzl94	733	552	175	638
AGACTGCACCAGTGTAGCCA	Qeim	964	642	816	944
CCAATCACAGCAAACAACG	Qmin	726	117	450	195
AGACGGTCCCCGCGAGTTCT	Mdzg18	134	273	135	766
GAAGCGCCCATCCTCGTGGTAGG	Pzyiw8	730	591	292	731
CCTGATTCGAGCAGGCGAGA	Meuxsq3	384	561	649	989
GGAGTAAGGATCTTGCGACTGGG	Kgfdvu	774	929	659	25
GGATCTGCACAATCTGCAAG	Ideqaw	339	475	410	208
GATGAGCCAGGAGTGCCAGT	Kgfdvu	930	993	609	672
GGTTTCTGGAGAGTCGCCGA	Mtim	836	206	220	352
GTGCGATCTCCTTCACATGC	Kwznvd80	876	250	509	28
TACGCGGAGTGGTTCGCCA	Gtjd	317	741	640	847
CTAAGAACGATGTCAGCTG	Fxsq75	328	798	686	289
GAGACTAACAGCCCCTTGGG	Jcjgmqa90	132	827	5	380
CCATCCACAAGAATCTGCCA	Ideqaw	250	534	84	446
TAGAAGATGAAGTGACCCAG	Jzaqrh	456	914	272	81
TGGCGCAGCACGTCGGCGGC	Juast	148	666	189	815
TCAAGCAGTATGGAGCGCCC	Gvqti8	381	488	323	252
GGAGGACGACTCACTCTACT	Rrqo0	369	859	90	931
GTCCATCTCGAAAAAAACGT	Qoeg	40	553	424	429
GCAGTTTGCTCCATACCAAA	Citbe6	766	12	830	367
ACAAGACGGACCGGAACCAC	Xlgrb0	813	895	280	131
GCACTCATGGAGAAAACTGGTGG	Hpidfa	420	900	70	933
GGATGCTACTGCTGGTGCCC	Rpun	880	593	402	772
GTTACCTAGAAGTGGACTA	Wsyazg	174	701	761	459
CAGAAGTTTAAAGACCACGTTGG	Zcfxwy	390	182	445	377
ATCTGTTCACTCTTGTGGGC	Hwxmbru	715	744	202	550
CATGGATACCGTCTCTGTCG	Hwxp30	406	363	538	138
GCTGCCCTGGATGCGGGAAG	Rpun	826	620	593	811
GATGCCTTCAAGAGGACCTG	Gayutvo78	964	233	572	347
GGCACAGCGGAGAGAATTCC	Qoeg	293	91	436	41
GATGAGAAGGACTGTAGAA	Qeytcm36	31	368	329	252
ATATACAAGACGCCCAGAAG	Xvwuz	883	466	660	694
GAGCCCTCATTGATCGAAGC	Vkxipvz0	848	931	291	452
GACACCAAAGGCGAACACC	Itvfs	969	97	600	113
GGAGCTGCTGATGCAGACAT	Ffptj62	626	198	935	80
GCAGGAACCTCCAACGAGG	Jcjgmqa90	893	511	837	997
CATGATGTACGTGCTCATTG	Qmin	544	873	663	394
TGGAGTCTGCACATTACAG	Aonu8	86	293	374	633
AGGTGTGTATGAGAGACTGG	Zbzwj9	317	542	69	211
GACAGTCGCCGAGACTCGG	Mdzg18	732	963	842	475
GAAGATGTTATCCACAGCCT	Nhwzt	655	281	562	429
GCCCCACTCACCCGAGCCG	Vzjlgte58	758	35	84	861
CTGTTAATGCCAAATCAGG	Gcarf81	450	929	798	871
AAAGCTGCAGATCAGAGGCGTGG	Jsakmu	644	219	292	139
TCATCAACAATGTAACTGACGGG	Qysdhnf8	931	291	136	406
AGATCAAGCTGTGTGACTTC	Doqu	399	472	686	412
GAGCTGCAGCAACGTTCGGT	Kmlp4	27	572	824	206
AGTATCAAAGAGAGCAGCGT	Wotwb	761	563	298	998
GACATTCTGGATGGCAGAGG	Fzwc6	959	222	915	291
CAAGAAGTTTGTTCGGGGA	Lbujspo20	129	526	400	1000
CCCCAGAAGGCATCACCAG	Ymhtq	920	156	919	562
TCTCTCCGACGGATTGAGAG	Jbpa76	416	658	978	399
AGTTACCTGTAACTCAGGAA	Zjrw	350	749	979	41
GAGAGCCCTGTGAGAAAACG	Pzyiw8	674	448	226	279
TGGGGCCCCAGCCTGCACCGTGG	Rrqo0	90	317	465	531
CACAGGCGCCTACAAATCG	Gtjd	233	172	789	80
GCCGGAGGAGGGCGAGAGAA	Ffptj62	907	619	294	619
TCACAAAGTTCTTCATGTG	Mwhdrs5	349	89	78	682
CATGAAGATTGCCATCGTT	Rudpz73	804	236	712	674
GCTCCTGCTGCTGCAGGGCT	Zjozemv6	885	888	12	677
AGGGCCTGCGGAAGAGGCGC	Zcfxwy	814	776	631	496
CAGCAAAGATGGCTACAAAG	Rhbmcui	741	643	404	435
AGGAAGCCACGAGCAGCCGT	Enht2	873	385	599	136
TCGCTTCGTGGAGAATGGC	Hpidfa	36	734	446	703
TCCCCTCACCGGGTCCTCAA	Ffptj62	376	159	8	645
TGCCTTTGCATACCAGATAG	Yqhuvtw4	916	105	352	60
TAAGAGTGCCGTAACAACTGTGG	Jsakmu	33	130	843	886
ACAGTGACGAGGAGTGGCGG	Pzyiw8	952	901	941	129
CAAGTATGTATATAAATGA	Gvqti8	139	56	10	781
GAATATTATCATGCTAACG	Jcjgmqa90	270	604	489	670
GAAAACATATCCATTAAATG	Uhaumof86	883	99	85	489
ACTCCGATACCAGATGCCAC	Zexgq29	455	226	437	781
TGCCCTCAGTGGAGTGAATG	Citbe6	466	518	255	988
GCCGTGCGGGTGGTGGACTT	Heko15	283	386	740	662
AGAGTCAAAGAGGCCCCAG	Wyatj5	453	341	188	286
GACAGCCTTGAATCTCACCA	Mwhdrs5	864	7	462	32
AAAGATAACTGTTGACCCTG	Itvfs	554	579	724	754
AGGCCGAAGAACACACACG	Xvwuz	163	12	386	197
CTGGCACAGCTTCGCAGACA	Xvwuz	243	616	31	721
CGGTGCTGAGGAGCGGTCCC	Bxltvfh82	827	851	640	439
CACGCGCGTGAACTTCACTCTGG	Doqu	332	296	579	177
CGCCGGCCCTCTGCCCTCCG	Ozxvfe04	455	370	510	448
AACTATCCATCGAAGAAGCT	Mdrpz7	206	497	736	94
TAAAATTCGAGAAAAAACAC	Nhwzt	0	443	523	748
GATCCTGGCATCATATCCGG	Gtjd	747	991	968	683
CGAGAACCAGGCGAGCGCTG	Wyatj5	795	560	431	64
GCGCCACAGCTCTCTCCCCA	Xlgrb0	19	938	675	532
TGGAGCGTCAGTATCAACTGCGG	Gsle9	582	130	354	265
CGTGTGCATAGCCTTCAAAGAGG	Jzaqrh	161	322	584	789
GGACCCCAAGATTGCAGACC	Fmhctyb	890	588	956	875
GAAGAGCCCAGACCTCAGCC	Ozxvfe04	538	279	446	77
CTTGCAGTCTGGTCTTACCA	Uhaumof86	109	93	534	726
GCTGTGTGGCACAAGTGCCT	Rudpz73	768	780	164	802
ATCTCACGAGCCCCACGGC	Ldlb35	293	644	902	951
CTCACTAGAGTCAGGGAAAC	Gsle9	520	414	824	835
GTCCCATATTGAACTCGAGT	Vfxncrp0	814	209	503	828
TACTGTGAGAAGCATGCCC	Vfxncrp0	905	827	945	335
TCACAGACATCCCATCGAAC	Rhbmcui	157	692	785	961
CTTTGTGGGTCAAGAGCCAT	Hwxmbru	893	587	997	275
AACGTTTCTGAACCCCGCTGTGG	Dwklva21	355	87	413	279
TCTCCACGTCCAGCCCGAGA	Fmhctyb	514	47	160	341
TGCACAGGCAATAAGCACCT	Ggfes41	623	980	779	997
TTTTCTATGTGTTTACAGG	Zcfxwy	714	115	824	314
GGAAGCTACAGGTTACGGC	Ldlb35	709	425	798	241
CAGGGTCGTTGAAAGTTGCA	Heko15	66	539	734	456
GATGCCCGAGCCTTTGACA	Qoeg	651	393	545	735
TGTGAATGGGCATCACCACTGGG	Gcarf81	902	393	640	211
GGAACTGGTGGACGGAGAGG	Dwklva21	130	261	652	602
AAAACGCCGACTTGATATTG	Yqhuvtw4	160	321	489	250
TTCCAGTCCGATTTAAGCGG	Jbxdtih9	717	591	696	785
CTCCTTCCTTCTTCTCTGTC	Bqtk19	691	842	570	936
AAGATTTCATACCATAGGCT	Eflp15	219	348	187	596
GTTCCTGCCACTCTGGCTG	Ewlc8	672	719	53	378
TACCTAATGCCGTTTGGAAC	Mtim	268	655	165	289
TGCAAGCTGAATGTGGCAG	Rtfgbkn1	344	623	601	9
TTAAAAACTACCTGCAATA	Kgfdvu	628	278	346	169
AGCTGCCGTTCGGCTCTAC	Gayutvo78	223	157	634	894
AATCACTACCAGGTGACTCAAGG	Nhwzt	56	35	845	352
GGAGTAACTGATTTACACAA	Pzyiw8	515	961	422	89
TCTCTTCCCAGAAGTCCCAC	Kwznvd80	376	629	850	925
TGTTGAGCTCCCAAATTCAC	Vzjlgte58	866	96	628	734
ATTCAGGAGTTAACACTGCT	Doqu	15	287	964	539
GAGACGGAGAAGAGTACGAG	Kgfdvu	727	621	775	496
CTTTGTAGCAGCAGCCTTCA	Juast	329	998	370	317
ACACGCCACATTCAAAGCCA	Enht2	14	628	909	234
CAGGACTGGCCTTTTGATGA	Mrveio	487	47	684	388
AGGTCAGAACCAACGGCGC	Jbxdtih9	765	225	495	871
CTCTAACTCCTGAGTCCAG	Gsle9	424	533	539	755
ATAGGCCGAAGCTCCAAGGC	Gvqti8	689	208	406	783
CTGCTTATAGAGCCACAACAGGG	Kwznvd80	356	959	305	185
ATTCACGGTGCTATCTATGC	Wyatj5	414	24	426	412
GATCACTTACCTTCTCAGG	Juast	808	630	380	439
GCTCACTGCAGAAATGCAC	Aonu8	243	539	737	997
TCTGTGGCACATTCCGACC	Jcjgmqa90	406	916	862	580
GATCATCTTGAAGCGAGCGG	Eflp15	469	708	890	870
TTCAGCAAACAGACCATCG	Qmin	291	730	623	462
GTACCTGTCCCGGGTGAAGA	Aonu8	977	454	477	8
GCAGAGAGTTAAGAAAGACG	Husam49	41	464	298	806
CGTCCCCTGCTACAAGCCA	Jcjgmqa90	514	526	294	612
TGCCATGTGCAGTGAACCCC	Jzaqrh	625	743	827	531
GCCTGAGGGCGCCGCTCGGAGGG	Citbe6	483	860	73	934
AGCAGGACCCCTACTTGCTA	Xvmyqf	300	100	975	12
TATCAGCCTGCTGCCGAGCT	Urva39	990	336	944	516
CTTAGGCTCCTGTCCCGGG	Qmin	911	304	586	209
CTCCATGAGATAAGCCATCG	Dsfwptx2	695	113	170	610
AAGAAGGTGTGTTTACCGTG	Gvszgh8	959	886	574	919
GAGCCACGCGGCAGGTCCAG	Uhaumof86	957	218	401	673
CCCGGGACAACTATAAGGC	Wsyazg	569	545	82	776
TCATTAAGCAGCTTCGAGTC	Rudpz73	522	84	701	410
AGAGGCCGCTATGAAGGAGT	Eflp15	891	479	637	718
AGTTCAAGTAAGAAAGACG	Hwxmbru	275	436	385	211
GTGATGTATGCTGTGGCCCT	Zjozemv6	730	542	538	998
GTAAACTCCAAGAAATTTCA	Jcjgmqa90	634	32	327	511
TGCTCCTTGCGTTTCAGTGG	Gtjd	365	410	231	28
ATGTTTTTGAAGGCGGGCAG	Citbe6	736	880	717	966
AAACCCACAGCCTGGGTAGCAGG	Gayutvo78	87	905	211	818
GGTTGTGCTATTCTATGCTG	Uhaumof86	567	935	113	530
CCTTCGGACGGCTGCCCCT	Ymhtq	244	484	986	986
TATAGGGAGACACTGAAGCC	Juast	724	880	611	123
TAAGCTGGCACAGATGGAAG	Qysdhnf8	807	648	421	189
ACTTCCTATGGTATTCAGAA	Zjrw	138	422	833	829
TGGCGCACTCCCAGTTCATGAGG	Gayutvo78	976	825	376	928
GTTTCCTAGTTACAAAGTGAAGG	Gvqti8	673	806	513	116
CCTGACTGGAATGAACTGCCTGG	Hwxmbru	72	84	987	745
TAGATCAATGGAAGACATGG	Vzjlgte58	230	417	695	483
CATGGACGATGACCACCAG	Jzaqrh	368	219	714	198
CAACCGCCCTACCTGGCGG	Wotwb	270	448	1	782
CTTCGTAACCTAGGACGTG	Zjrw	322	870	305	129
GCCACGGTGCCACTGCAGAG	Rudpz73	432	6	131	954
CATTCCTTATGTCAAAGCAC	Zjrw	203	470	253	685
TGACGACGAGGGCACCGTGC	Rkcfows80	176	534	644	903
TGCGTTCGTCGGGGCCTGTG	Qysdhnf8	909	325	962	768
GAGTCAGCCGGCAGATCCAG	Xlgrb0	430	874	185	787
AATCACGAACTTCCTAGGTG	Xvwuz	411	312	898	320
GTCACTCTCCAGTTTGCAA	Heko15	818	259	221	144
GACTACGAGTTCCCTGAAG	Heko15	214	154	727	889
GCTAGGATGAAAATGAGATG	Gtjd	958	799	535	948
GCCTCAGAGGGAAGAGACAT	Dwklva21	739	508	815	142
GTCTCACCTGAACTAGGCC	Pcauhol9	852	336	143	839
TACTTGACACTGCCTGTACT	Pcauhol9	505	99	398	340
TCTGGACAAACTCATCAAG	Kgfdvu	268	205	542	646
ACAGATGCTGAGAGAGAGGG	Sjlkqgb	262	117	536	489
ACTCTCCCGGTCCTCCTCCA	Rrqo0	578	526	659	407
GGAGTACTCACGGGTAGCCA	Gvszgh8	754	555	564	546
TTCATCTGAAGATGAAGGG	Citbe6	841	668	242	229
GCACAGGGGGCCCACAATGTGGG	Rudpz73	288	787	236	411
CAAAGCAGGCCAGAGCACGG	Dwklva21	716	966	470	494
GTACATATGCAAGCGAAATG	Kmlp4	706	447	228	990
GGTGGAGAGCAACTCCGATG	Kwznvd80	553	932	344	882
ATCAAACCATCATGCGGAAG	Zexgq29	263	126	418	545
ATGAAGAAACTGAAGGAGCG	Rrqo0	329	563	891	158
TTTGTTGAAAATTCAGTGG	Zexgq29	674	787	977	817
ACATCGCCTGCACAGAGCGGAGG	Zjozemv6	697	489	291	918
CCCTCGGAGATGGTGATCC	Qeim	68	381	925	279
GGTTCCATCTATGCCGAGGC	Hwxmbru	706	470	651	311
GGAAGCCATAAGCAATGGAG	Zcfxwy	924	427	641	372
CTGTTGCCACAGCCACAGC	Zjrw	348	993	33	578
GGCGCACACGGGCCGTCGCT	Hrazgjq47	840	919	820	67
CTCCTTACAAAGGTCAACAC	Heko15	489	632	263	287
ATCTAACATGAAAAAGGCTT	Nisw8	715	78	754	714
AGGGAAGAGATCTTCTACTG	Rhbmcui	358	47	208	797
TATGAAGTTAGATTTCACTG	Xlgrb0	68	49	283	447
GCCTTCACCTTGGAGGACAA	Kmlp4	578	675	61	522
CAGCGAACTAAAGAAGAAA	Hpqy6	715	514	285	352
ATCATGGCGACGGTTCTCGTAGG	Mrveio	249	603	470	562
TCTACCTCCTGCCGGGCCTT	Husam49	46	890	903	594
TGCCGTGCGGCGTGCTCGA	Rzlpq38	88	156	141	772
GACGGCCAAGTGTGAGCAGC	Rudpz73	972	817	748	711
GAATGTAAGATGCAAAGGG	Bqtk19	549	961	512	842
CATGGACCAGAAGGCTCGGG	Husam49	509	487	305	641
CTCACCTGATGCTTTGTAAT	Mdrpz7	787	119	415	800
ATCAGCTTCATTACGTGCAC	Husam49	171	374	265	446
ATCGATGAAGGACCGGATAT	Dsfwptx2	141	151	630	43
TGAGCAGAACGCACACATGGAGG	Pzyiw8	635	693	697	592
CTTACAGGGAGCTCACTCAG	Zjrw	5	301	72	625
CCCTGTGACATACTTTGGAG	Pzyiw8	616	485	792	844
GGTGACCCAGGCCTACACAGAGG	Mdzg18	269	423	127	650
GCAGAAGTAGCAGGAAGGGG	Meuxsq3	42	586	830	540
CAATGGTGATCATGGAATGG	Rzlpq38	0	744	829	566
AACTTCAGCCTGTTTCACTGTGG	Eflp15	828	872	454	314
GTTTCAGGCCGATGTACAG	Kgfdvu	301	209	851	880
CAGGAAATGGCTACAGAAAG	Hwxmbru	224	96	834	991
TTGGACCAGGAGCCGGGAGC	Ggfes41	965	279	612	588
AGCGCCACAGAGCTTTCAG	Vzjlgte58	782	912	577	123
CGAGTCGCAGCTGTGCACGC	Hpqy6	658	131	269	780
TTGCGCTTTGGGATCCTGAT	Vkxipvz0	155	150	756	206
TCTTTCCACAACCCACAGG	Hpidfa	983	735	85	560
ACAAAGGAACCTTCGAGTCA	Husam49	991	178	214	695
CAAACTCACCAAAATAGGG	Ideqaw	102	627	838	710
CATTGTGATATAGCGCTCAATGG	Zbzwj9	434	972	892	973
GAAGGGCAGCCAGCTCCTGA	Uieqtrb	41	297	452	700
TTAAGGAAGGCCAAGGCAG	Fmhctyb	435	526	124	900
TTTGCAGACAACACTTTCTC	Ffptj62	559	488	909	491
GGCGGCCCCCACCCCAGGTA	Mdzg18	763	581	854	212
AGCCTGGTGATGAGAAATGACGG	Sctgkpj1	958	109	367	516
CAGAAGGCCAAACAGGAAA	Pzyiw8	191	150	784	34
GTCGCTCGGACTGTAGTGGA	Zcukgzl94	765	999	154	442
CCAGGGCCAACCCTGAGGG	Vzjlgte58	595	643	538	311
GGTGTTCTATGACATCAGCA	Hwxp30	177	206	791	450
AACTGGCCATCCATAATCGAGGG	Rkcfows80	975	651	695	900
ATACCTGCCCAGGCTGTACC	Mwhdrs5	168	429	286	328
GCTAAATGCCAGCCCATGTC	Gsle9	91	199	849	572
ACGGAATCCAGCACTACAC	Juast	205	516	151	669
CTAACCGGTGGGCGGCCCGCCGG	Meuxsq3	806	245	442	225
ATACCAAGAGTAGGAGAGCG	Fxsq75	324	102	645	99
TCAACATGATGTCGTTATTG	Wwtxj	142	707	782	436
TCCTGGTGGCCCTTTGTTC	Qeytcm36	650	213	286	394
GCTCGGGGAAGACATCCTCG	Hwxmbru	967	878	248	367
CGTTTCGCCGGTTCCACTGT	Qoeg	254	125	378	236
CGGAAGCTCATATACTACACGGG	Qeim	882	304	694	655
GACTACCAGTATGACACCCC	Gtjd	345	916	114	970
CACTGACTACTTGGCACCG	Dwklva21	351	107	826	980
GAGGGCGCCACGTAGCACACAGG	Nhwzt	761	949	411	154
CACCAAAAAGGTAACGTGCC	Kwznvd80	82	710	339	969
GGTGGACACAATCCCTCTGA	Ffptj62	980	240	656	725
CGTAGAACACAAGGCTCAGC	Kmlp4	162	595	392	884
AGTAAACCAAGATTTCTATG	Ozxvfe04	310	719	536	283
CTGAATGGAGAATTCTCCCG	Meuxsq3	129	286	583	389
GTCCAGCTCGAATATCTCG	Xvwuz	856	525	539	829
GTTCCCCAGAATGCCAAGCA	Mdzg18	632	601	507	412
AGAACGGCTTCTCATCGCG	Hwxp30	385	292	691	540
ATGATGTTGGTGGTGTTCAA	Xvmyqf	993	808	428	133
ATGAGTAAGAAGCAGGAAG	Ffptj62	735	472	202	290
ATCAATTACCTGCTTGATGT	Hwxp30	852	614	93	726
AAGCTGGTGTCTCTGGGGCG	Qysdhnf8	252	30	640	482
GCCAAACTTGGTCACACCCT	Nhwzt	586	299	73	780
GCATTTTGGAGAATGGACCGAGG	Sjlkqgb	590	77	419	703
CGACTGGAGCGGTACCCAA	Hwxp30	970	8	502	563
CAACATAGCCCACTCCTCCA	Qmin	733	892	221	174
AGGTCTAGAGAGCAAATGAAGGG	Wyatj5	480	28	127	421
CACCAGCAAATATCAACAT	Citbe6	777	318	64	330
CTCGAGGGTGCGCGTGAGGC	Ewlc8	817	989	223	559
ATTTCACATACAGACCTGA	Mtim	476	431	206	485
GGGAGTTGAATCAGGCCGTG	Hrazgjq47	629	805	726	869
GAACAAGGCAGCAAGGACAG	Ymhtq	349	323	631	372
CAATGTGGAGAAGGAACGAG	Sctgkpj1	553	804	9	33
CAGAACGCAGCGAAAGTGA	Jsakmu	958	781	968	65
GAGGAGAGAAGAGACAAATA	Wyatj5	987	623	995	376
CACCACCCAAAGTAAGTGG	Xvmyqf	631	73	185	662
GCAGCTACAGCAGGCATCAT	Hwxmbru	770	171	581	644
CTCTTCGTTGAGCACTGCAG	Meuxsq3	19	455	435	691
GGCGGCAGAGAAACTCACCCAGG	Dwklva21	978	57	586	690
CTGTACCCACTGCCTCCAG	Jzaqrh	966	996	200	899
AAAAAAAAAAAAAAAATCCC	Ndxe95	27	275	300	318
AGTGGATATCCAAGAAGCAA	Qxwg6	437	929	997	314
CCCCCTTAATGCACTCAAG	Gayutvo78	870	784	661	379
GATGCTGTGACCTTCGAGG	Wwtxj	89	147	16	306
ACACCTCGAACACCTCGCGCAGG	Hstki	345	975	984	155
CTATGACCGGTACTATGAG	Rudpz73	628	443	365	873
ACTTACTCTGTGACATACAT	Ldlb35	88	860	528	742
AACCGGTCCACTGGGAAGAA	Qysdhnf8	416	549	680	161
CTGCAGCCAGTGAAGAAGCG	Qoeg	45	763	571	479
GGGCCTGGTAAATCATGCCG	Jzaqrh	354	227	484	511
CTGCAGGCAGGCTCCGCCA	Qeim	806	909	812	183
TGGGGAGATACCCACACGC	Rkcfows80	884	201	861	294
TCCAACAAGCTATCATCTAT	Enht2	250	886	666	252
CTTCGCCGTTAGCTTCTACC	Beiwtf	977	991	41	919
TCAGCCACACTCACCCATCA	Uieqtrb	113	241	3	53
AAGCCTCGCAGCCTCCGGGTGGG	Qysdhnf8	368	844	725	705
GAGCAGTGACTCCTCCACCA	Hxczgaq0	911	598	80	57
GTCGCAGAAAAGTATCTTAGAGG	Dsfwptx2	142	239	115	701
CTCGGGACTGAGGTACTCAGAGG	Meuxsq3	549	437	128	828
GTTTATACCAGGAACCATA	Hwxmbru	879	520	365	500
GAAGATCCCGTTCATCAGGG	Ggfes41	827	176	658	767
GAACGCCTGGCCGCCCGTGT	Gtjd	65	995	864	698
CATCGCCTCCCCTGTAGACG	Nhwzt	350	760	109	467
ACCTTGACAATGAATTCCGA	Rsbq0	256	307	893	183
ACATCATTCACTGTGAAGTC	Gtjd	814	1	815	546
CCACGTGAAAGTGCACACGA	Wsyazg	838	446	697	882
ATGTGCCAGAACTTCCCTGC	Ozxvfe04	964	211	217	324
AGTGAGAAGAACTCCCGCAT	Gtjd	669	293	434	918
AGCCACAGGCAGTCCCAGCG	Itvfs	219	390	102	555
CTCCCTGACAGGAGCGCCAG	Rzlpq38	627	79	703	116
TTCTCCTTCTGCCTTTATCC	Jbxdtih9	686	359	798	143
ACGAACGCAGGACAGTTCCGCGG	Wuacgws	337	909	277	175
GGGAGGCGTAGACCATATAG	Rsbq0	835	436	618	313
CGTTCATGCCAAACTGGTGC	Jsakmu	215	188	1000	207
CAGTGAGGGATTTACTGAA	Rudpz73	153	497	746	690
AGCTGATTACATAGACGGAA	Zjrw	205	681	529	553
TACCTTACCGAATATGTTAG	Lbujspo20	35	79	537	63
GATTTCTGACCTTTAGCCGG	Qmin	667	199	885	632
AGGTTATCTTCACAGTGCCT	Uhaumof86	146	296	282	733
GAGCTTGAACACGTTTTCT	Qeim	986	355	362	908
AGAAATTTATAGCTGGATTC	Aonu8	779	600	261	320
GACCTACCTTATATGGACAG	Ndxe95	732	677	670	933
CTCCCATGAGCGAGGACGCA	Ldlb35	886	3	580	101
GCTGCTGAGCGCTCGGCGCC	Xvmyqf	440	101	851	804
AGAGCTAGTGGGTAAGTAG	Vfxncrp0	103	859	55	324
CATGCTGCTCATTGTAGGCC	Xvwuz	508	239	458	763
TCTCACCTTGGATGGCTCGGCGG	Kmlp4	961	573	412	696
ATGCTTCAACATCTCAGGT	Hwxmbru	792	26	578	572
CAGCCGGATGTCTTTGAGCT	Juast	505	775	121	504
CAGACTCTTGGCCCTCGGAA	Zbzwj9	189	501	402	527
TGGGTCTCTCAGCTTTGCA	Lbujspo20	647	973	575	497
ATTTTCCGCGAGTTCTTTG	Qoeg	780	630	561	197
GGCGTAGAGCGGCAGCACGG	Ewlc8	644	740	558	750
GGGGAGGGCGCAGAGGCAGT	Mdrpz7	107	273	38	880
GCTGCATCCTTGTATTGCAG	Citbe6	115	379	732	945
CCTGTACGCCTTGTGCCGCC	Qmin	981	685	393	43
GGAGAACTCAACCCCGATGG	Ewlc8	807	667	411	796
CAGCCATCACGGATAGCACT	Ffptj62	478	825	222	417
CAAGCTGGAAGGAGAAAAG	Aonu8	10	358	259	95
CTTACCGGAGAAAGTTTCGA	Qeim	601	89	185	363
TCTTTTCGGCAGGTGATCG	Pzyiw8	325	828	44	190
GCAAGGCAGGAGCCACACGT	Qldbrk39	4	164	770	679
CATCACAGCGCCAGGACAGG	Fmhctyb	143	102	846	969
GGGGACCTGGCCCACGCCAA	Hwxmbru	646	913	774	643
AAGGAGGGAACGCCGCCTGA	Xvmyqf	721	567	627	437
GATGTACGACCGCGCTGCAG	Ndxe95	986	310	740	912
ACGCCCAGACCGCAGAACTG	Sjlkqgb	709	33	15	386
TGCAGTTTACTATTGCAAC	Pcauhol9	754	515	384	981
TAAAAACGTGAATGGCAAGGAGG	Rsbq0	937	348	737	833
CCTGGTGGATCGTACAAGCC	Jsakmu	15	730	953	514
GGGGAGAGAGAAAGGTGAGG	Ffptj62	954	473	187	396
GTGGTGATCGACCTGTTTC	Fmhctyb	38	478	835	133
GCAGTCACCGCATCGAGACG	Qeytcm36	556	82	766	594
