guide	Symbol	sgRNA	gene	Sxnc	Eoicr	Hvzwipb	Hkdqzgbytcf
ID_1	Non-targeting	ATAACGACAAAGACCGAGAA	Hqmyazd5	958	94	877	952
ID_2	Non-targeting	TCTTATGCTACAGTATACAA	Drwoqbf0	471	655	767	476
ID_3	Non-targeting	GTCATAATGTACCTGTACTA	Otjwkad	483	952	200	893
ID_4	Non-targeting	CTGGATCACCGGCGATGTCG	Hqmyazd5	198	323	62	171
ID_5	Non-targeting	CCGGCGATGTGGCGTCTGTG	Hqmyazd5	748	101	241	398
ID_6	Non-targeting	CCACCTCATAGACAATGTAG	Mbafz6	299	37	811	907
ID_7	Non-targeting	CAGATGTGTTCGCAGAAGGT	Mbafz6	394	651	178	100
ID_8	Non-targeting	CCAACGAAGTGGTTACCTTG	Hcbp	475	230	639	728
ID_9	Non-targeting	TTGACATAGCCGTAATACGG	Otjwkad	897	719	11	838
ID_10	Non-targeting	GGATTCATACGACGTGACTG	Drwoqbf0	336	506	226	671
ID_11	Non-targeting	TGATGGGTCCATGATAACCG	Mbafz6	718	835	633	442
ID_12	Non-targeting	GATGTACATCGGCTGAGTGA	Otjwkad	3	223	687	592
ID_13	Non-targeting	CCGGATCCCATGGTCAACCA	Drwoqbf0	841	783	992	892
ID_14	Non-targeting	AAGGAGCCAACATAACAGAT	Hcbp	163	390	543	591
ID_15	Non-targeting	GCAAAGAGTCACCTAAAGTT	Hqmyazd5	504	221	283	672
ID_16	Non-targeting	GGACTCAGTGATCAAACCCC	Otjwkad	898	468	253	687
ID_17	Non-targeting	TAGAGCGGGTCATGAATCAC	Hqmyazd5	344	290	324	563
ID_18	Non-targeting	GCCAAGAAAGGATCTTGTAG	Hcbp	161	141	183	965
ID_19	Non-targeting	CACATCCCTGACCCAACCTG	Otjwkad	844	414	906	593
ID_20	Non-targeting	GCGACACGCGCAGTTTGTGG	Hcbp	175	290	540	877
ID_21	Non-targeting	TGCGACCGCAACCTGGCCAT	Hcbp	837	50	685	58
ID_22	Non-targeting	TTGGCAGATAAACCCAACAG	Otjwkad	354	840	498	757
