sgRNA	gene.orig	Sxnc	Eoicr	Hvzwipb	Hkdqzgbytcf	gene	guide
ATAACGACAAAGACCGAGAA	Hqmyazd5	958	94	877	952	SPRTN	ID_1
TCTTATGCTACAGTATACAA	Drwoqbf0	471	655	767	476	CDK14	ID_2
GTCATAATGTACCTGTACTA	Otjwkad	483	952	200	893	ELOVL1	ID_3
CTGGATCACCGGCGATGTCG	Hqmyazd5	198	323	62	171	ALOX5	ID_4
CCGGCGATGTGGCGTCTGTG	Hqmyazd5	748	101	241	398	DNMT1	ID_5
CCACCTCATAGACAATGTAG	Mbafz6	299	37	811	907	ELOVL1	ID_6
CAGATGTGTTCGCAGAAGGT	Mbafz6	394	651	178	100	ALOX5	ID_7
CCAACGAAGTGGTTACCTTG	Hcbp	475	230	639	728	CDK14	ID_8
TTGACATAGCCGTAATACGG	Otjwkad	897	719	11	838	SPRTN	ID_9
GGATTCATACGACGTGACTG	Drwoqbf0	336	506	226	671	ALOX5	ID_10
TGATGGGTCCATGATAACCG	Mbafz6	718	835	633	442	ACACA	ID_11
GATGTACATCGGCTGAGTGA	Otjwkad	3	223	687	592	ACACA	ID_12
CCGGATCCCATGGTCAACCA	Drwoqbf0	841	783	992	892	ACACA	ID_13
AAGGAGCCAACATAACAGAT	Hcbp	163	390	543	591	BRCA1	ID_14
GCAAAGAGTCACCTAAAGTT	Hqmyazd5	504	221	283	672	CDK14	ID_15
GGACTCAGTGATCAAACCCC	Otjwkad	898	468	253	687	CDK14	ID_16
TAGAGCGGGTCATGAATCAC	Hqmyazd5	344	290	324	563	ALOX5	ID_17
GCCAAGAAAGGATCTTGTAG	Hcbp	161	141	183	965	SPRTN	ID_18
CACATCCCTGACCCAACCTG	Otjwkad	844	414	906	593	ARID1A	ID_19
GCGACACGCGCAGTTTGTGG	Hcbp	175	290	540	877	DNMT1	ID_20
TGCGACCGCAACCTGGCCAT	Hcbp	837	50	685	58	PCNA	ID_21
TGCGACCGCAACCTGGCCAT	Hcbp	837	50	685	58	PCNA-AS1	ID_22
TTGGCAGATAAACCCAACAG	Otjwkad	354	840	498	757	SPRTN	ID_23
