sgRNA	gene.x	Sxnc	Eoicr	Hvzwipb	Hkdqzgbytcf	gene.y	guide
ACAGCGTAGTGCAAAACAG	Wwtxj	646	409	186	962	Non-targeting	ID_1
GACGTCATTCACTGTGAAG	Qmin	225	785	88	427	Non-targeting	ID_2
TGTTGATGAAGGTGCACCCG	Xlgrb0	363	226	19	460	RBCK1	ID_3
GGGGTCCACCGATAACCGGGAGG	Ndxe95	46	180	374	236	CDC42EP2	ID_4
ATGGTGTCACAATTTGTGA	Gcarf81	235	231	424	309	Non-targeting	ID_5
CGGCACTCGCGCCGGAACGAGGG	Wotwb	408	721	278	105	ZNF598	ID_6
GACTTCCACCTCCCAGTAG	Ffptj62	927	105	784	393	Non-targeting	ID_7
CTGGTGCAAAAGCCCCTCTCGGG	Kgfdvu	452	446	330	211	Non-targeting	ID_8
CAGTCGTTTCTTATGGCAA	Yaczvxn	895	368	159	730	Non-targeting	ID_9
ACAGTTACCTTTCCACCATA	Nisw8	458	631	129	976	Non-targeting	ID_10
GGAAACCTCCCCACCCCAGA	Yaczvxn	179	588	892	950	NUTM2G	ID_11
GGAAACCTCCCCACCCCAGA	Yaczvxn	179	588	892	950	NUTM2F	ID_12
TGTCTAGAAGCAGTGCCAAG	Urva39	258	1000	722	490	Non-targeting	ID_13
GAAACAGAATTTCATAAGA	Zbzwj9	204	973	598	289	Non-targeting	ID_14
GATTCTGTCCTAGATCCCAG	Jcjgmqa90	716	474	31	331	PHRF1	ID_15
TCTGGTCCAGGTTGCGGAAG	Hpidfa	251	477	256	761	GAS2L2	ID_16
GAAATACCTGATCATCCCTG	Wwtxj	553	26	239	241	Non-targeting	ID_17
GAGCACCTAAAAGTCAGAT	Qoeg	837	686	634	234	Non-targeting	ID_18
TCAACTCCTTGTTATACACC	Kwznvd80	855	980	559	907	CLIC2	ID_19
CGTGTGTAAAGACAAGAGA	Xvwuz	849	813	659	899	Non-targeting	ID_20
GTTATTGGATCCCACTCAGA	Eflp15	721	675	284	971	ZNF75A	ID_21
GAAAGGTCCATCAGAGAAG	Gvqti8	749	328	167	671	Non-targeting	ID_22
AAGTTGGCACACCACCTACA	Wotwb	782	836	672	760	CLTC	ID_23
GCATACTACGTGCAGGAGCA	Ldlb35	348	791	354	867	NFIB	ID_24
CGACACATGGACAGCACGG	Vfxncrp0	318	819	785	864	Non-targeting	ID_25
CTCCTCACCCAGCAACTCG	Qysdhnf8	824	1	934	523	Non-targeting	ID_26
TTACTAGGTGGATATGCAGT	Kwznvd80	120	834	35	887	PAPSS1	ID_27
TGCTAGGGACACCCAAGTCA	Ewlc8	141	288	715	377	CASQ1	ID_28
TGTAAGGGCGCAAACCACTGAGG	Kmlp4	188	209	144	498	Non-targeting	ID_29
AACTTGATGTTCTTAGAAGA	Sjlkqgb	655	88	434	145	SLC9C2	ID_30
AGGATCGTAATCTATGGCAA	Gvszgh8	641	338	630	654	LRP6	ID_31
AGTGTGGAGACGGAACGCGA	Uieqtrb	618	742	837	694	H1-7	ID_32
CGGCTCGAGACGCGGGAAT	Yfijg5	581	806	263	0	Non-targeting	ID_33
CCACACAGGCCGGCGTGTC	Urva39	333	53	387	966	Non-targeting	ID_34
GTGGTTTGTGAAATAATCATGGG	Husam49	428	598	171	329	Non-targeting	ID_35
ACAGCCGCCAGGAGCTACTC	Jbxdtih9	202	708	921	106	GALT	ID_36
TCTGCTGATGGTGGTGATGA	Hrazgjq47	916	193	29	424	BRD4	ID_37
AGTTCTGACAGTGACACTGA	Wwtxj	32	446	503	209	HLA-DRB1	ID_38
CCTGCTCAGCGCCTACGGCG	Hrazgjq47	210	152	625	469	Non-targeting	ID_39
GGATCGAGATGGAGCCCAAG	Xvmyqf	563	856	87	701	TAF1A	ID_40
TGTTGGCTACAACTATGAG	Hstki	442	588	69	985	Non-targeting	ID_41
CCCGGAATCGTGTGCTGGGC	Xvwuz	368	71	879	804	PIM2	ID_42
GCTCTTACCACGGTGGTGTT	Wuacgws	10	845	985	599	TRAF3IP3	ID_43
TGCCAGGATCTTACCTTGCGAGG	Pcauhol9	693	71	100	251	Non-targeting	ID_44
CGGGTCTGCGGTAATCCAGCCGG	Rkcfows80	689	309	53	486	TCF25	ID_45
TTAGGTACTACTCCAGCCTT	Qeim	882	798	995	772	PALB2	ID_46
GCGCAGGACGAAGGTGAAGC	Wotwb	402	939	378	659	CLIC3	ID_47
GTTGTCACTCTCATACGCA	Xlgrb0	501	47	137	988	Non-targeting	ID_48
AATCTCGCTCCCTACCGACA	Gvqti8	605	481	813	215	Non-targeting	ID_49
GGATACCCTGATGGAGTATT	Gsle9	661	506	153	740	Non-targeting	ID_50
TATGGCAATATTCGAGCTG	Juast	787	419	915	529	Non-targeting	ID_51
GAATGAGCTACGCAAGCGCC	Bxltvfh82	53	758	934	575	Non-targeting	ID_52
CGGGTACAATAGATGTCCC	Heko15	973	137	119	540	Non-targeting	ID_53
GGTACGCTTGGTTTTGATGG	Rhbmcui	860	699	748	385	TUBA1C	ID_54
GGGCATGGAGGAGAAGGCGG	Jzaqrh	509	726	199	223	ETNK2	ID_55
GATGCCTATATTTCTCGATGAGG	Hwxmbru	563	651	222	123	TRIM64	ID_56
GATGCCTATATTTCTCGATGAGG	Hwxmbru	563	651	222	123	TRIM64B	ID_57
ACTGTGTCTGCCAGAAGGCG	Rtfgbkn1	90	512	212	199	PKD2L1	ID_58
GTGGCAGCAGCTGCCTCAAG	Zjrw	240	500	748	194	ATL3	ID_59
GCTTCTTGTTTCCCAAAATC	Yfijg5	406	615	615	228	TAS2R30	ID_60
TCTCCGACAAGCTGAGCACC	Nisw8	246	916	944	288	SLC5A12	ID_61
CTTCCCAAAATAGAAATAG	Gcarf81	698	342	916	161	Non-targeting	ID_62
TTATGAGGGGGTACTCAGAGTGG	Zjozemv6	209	750	1	755	Non-targeting	ID_63
AACCGAGAAAAGAAGCCAG	Vfxncrp0	599	656	860	934	Non-targeting	ID_64
TTCGGGCCAGAGCCTGCCAG	Kmlp4	377	77	967	342	SIRT3	ID_65
CTCGTAGGCGGCCTTGATGC	Jzaqrh	143	653	615	879	LMNA	ID_66
AGAGGGCACCACGAAAAGTG	Sjlkqgb	359	899	987	441	Non-targeting	ID_67
CTGAGTTACGGCTAAGATG	Bqtk19	83	334	929	610	Non-targeting	ID_68
GTCCCCCTTGTCGACTCCGA	Jcjgmqa90	258	419	155	340	AMER2	ID_69
GCGTTTCTATCCGGCTCTGC	Qmin	255	637	880	268	ZNF273	ID_70
GCGTTTCTATCCGGCTCTGC	Qmin	255	637	880	268	LOC441239	ID_71
CTTGCATAATTGCCGCTCT	Jzaqrh	574	467	216	1	Non-targeting	ID_72
AACACCAGAGGTCACACACG	Mdrpz7	192	519	937	45	ZNF875	ID_73
ATCCTGTCTCGGATTGTGGG	Xvwuz	7	998	174	225	KLK3	ID_74
AGCCAGAGACTGAGAGCCAG	Eflp15	157	964	359	151	MSH2	ID_75
AAGAAATGCTGACAGGCCAG	Jcjgmqa90	201	844	923	510	KLHL32	ID_76
CAGGAGGCGGAACCAGACGG	Urva39	462	81	4	240	SELENOV	ID_77
TACAGCTGCTCTTGAAACG	Qeytcm36	999	682	197	723	Non-targeting	ID_78
CTGGTGGTCCAGCTCGTGGG	Hwxmbru	293	474	630	483	PRR5-ARHGAP8	ID_79
CTGGTGGTCCAGCTCGTGGG	Hwxmbru	293	474	630	483	ARHGAP8	ID_80
GTCGATATTTAACAACGGG	Itvfs	0	189	149	435	Non-targeting	ID_81
GTTCTATCCCCCCGGGTGC	Hrazgjq47	184	345	413	884	Non-targeting	ID_82
GTGTCAAGTCCAAACCCATC	Fzwc6	936	327	60	216	Non-targeting	ID_83
AGTTCTTCTACTCCAGCCT	Rkcfows80	723	832	58	665	Non-targeting	ID_84
TTCTTCCGAACGGGGGTCC	Zjozemv6	863	590	619	327	Non-targeting	ID_85
CTAAAAGCTTTCCAACACACAGG	Ykqrp7	477	493	671	117	ZNF182	ID_86
TAGTGGATGCTCGAGACTC	Jcjgmqa90	361	357	790	184	Non-targeting	ID_87
ACAGCAGCGTCTCTCGAGT	Zcfxwy	932	675	773	693	Non-targeting	ID_88
TAGGTTTAAACACACTTGAG	Ykqrp7	386	385	662	733	Non-targeting	ID_89
GCCGGAAGGGTACATACCG	Hstki	23	258	363	295	Non-targeting	ID_90
CGTCGTCAACCCTCAGAGCA	Zexgq29	195	471	375	926	GGT5	ID_91
GAAGAGTGCTGCTTACTCCCAGG	Xlgrb0	132	995	718	234	HAUS4	ID_92
TCGTACCTGAGCATGGACG	Nhwzt	125	343	925	589	Non-targeting	ID_93
AATTTCACACTGCCACCGT	Urva39	467	914	1000	679	Non-targeting	ID_94
TCAATGATGACTTCTAGTTT	Qxwg6	971	632	637	729	SLC8A3	ID_95
GAGAAGCACATCAGCGAGC	Qeytcm36	541	132	298	787	Non-targeting	ID_96
GGAAAGACTGTCCTGAACAA	Yfijg5	50	542	72	537	TP53BP1	ID_97
AGTCGTGACCAGGATGTAGTAGG	Meuxsq3	750	857	969	509	KCNMB1	ID_98
GTCCGCCTCTAGCTCGAGTA	Rhbmcui	497	780	184	237	Non-targeting	ID_99
GAAGAAGTACTCAGGAGGTG	Nhwzt	131	341	98	11	Non-targeting	ID_100
AGCTGAGTTACCAACGAAG	Juast	139	970	703	327	Non-targeting	ID_101
AGATGCCACTGTGGTTGAAG	Wuacgws	775	107	53	183	ERBB2	ID_102
GCCACCCATAAGCTACGAGGAGG	Nisw8	417	405	121	178	NUPR2	ID_103
GGCGGCCTGTTGGGGTAGAG	Enht2	562	732	595	842	C19orf47	ID_104
GAAAATCAATATCCAATAAA	Dwklva21	759	298	964	697	ZCCHC4	ID_105
TTGTTTCATTATGCCCGAGCTGG	Ndxe95	678	698	240	504	H2BC13	ID_106
GTCTGTGCACTCGGCCCACC	Yqhuvtw4	134	315	57	676	H2AJ	ID_107
ACACAGAAGTCATGCGAAG	Jsakmu	954	987	12	313	Non-targeting	ID_108
TCATTCGCAACCTGTAGGG	Husam49	361	573	217	50	Non-targeting	ID_109
CTCGCTAGTGCTGCGCGAGG	Urva39	391	17	912	589	GSX1	ID_110
GTTCCAGGTCGGCTGTCCAA	Ymhtq	836	76	576	994	CLNK	ID_111
CAATGACCACCATAAGCTGA	Qysdhnf8	299	460	53	271	Non-targeting	ID_112
GGAGCTGCTGACCACCCTG	Vkxipvz0	822	902	26	627	Non-targeting	ID_113
ACTCATCAGAGAGATCAGCC	Vfxncrp0	840	482	262	470	PKHD1	ID_114
TCTTGAACAGGAAATTTGAG	Hrazgjq47	550	707	522	734	C12orf4	ID_115
ATCCACAGGGTCCGTGCAGG	Bxltvfh82	466	975	291	456	Non-targeting	ID_116
CAGGACCTCAGTCCTGAAG	Jbxdtih9	250	564	979	535	Non-targeting	ID_117
AGTGGCCAGCGAGATCATGGCGG	Qmin	32	243	924	320	MTHFD1L	ID_118
AGGTGATCGAACTGGGCGCG	Gsle9	884	535	309	222	Non-targeting	ID_119
AGTTGAGCCATTAAAGGAG	Fzwc6	933	83	469	939	Non-targeting	ID_120
CAGGGTCCCCAGGCCTTAAA	Zbzwj9	876	343	715	902	COL4A1	ID_121
GCTGGGCCGGAAAGAAGAAG	Qeim	386	494	700	241	Non-targeting	ID_122
GGCCCAGAAGTTACTGCAGA	Hwxmbru	666	564	135	95	ENTPD6	ID_123
CGATCTCCTCCATCTTCCCG	Qeytcm36	537	748	479	9	SULT4A1	ID_124
CCTCTTTCACCTCACTTTGT	Sjlkqgb	542	54	732	907	Non-targeting	ID_125
TCACCCGTGGGGGACCCTACTGG	Ozxvfe04	24	496	342	456	Non-targeting	ID_126
TGGAGTACGCTCAGCAGCGC	Dwklva21	525	306	129	51	Non-targeting	ID_127
GTAGTCAACCCCCTTGTCTA	Wwtxj	842	195	405	571	OR51D1	ID_128
GAGTATGGTCCTGGTGTTCA	Gvqti8	952	248	200	920	POC5	ID_129
CAGCACATATGAAGCATAG	Rpun	104	348	952	412	Non-targeting	ID_130
AAACGGAGGTTCTTCAGAAG	Qldbrk39	74	565	54	224	EBNA1BP2	ID_131
TCTGCAATGGGGGTCACCCAGGG	Hpqy6	369	808	884	498	RSU1	ID_132
ATCGCCAAGATAATCACCAA	Jbpa76	128	467	702	743	Non-targeting	ID_133
GGATAGAACCAACCATGTTG	Gcarf81	866	678	363	716	TET2	ID_134
GGCTCTCTATTAGAATCAGA	Vzjlgte58	848	670	904	987	RPS13	ID_135
TACGACCGTCTGCGCCGCCC	Ymhtq	94	21	972	441	SPRY4	ID_136
CAGTGGCTTGGTCTTCACGG	Yfijg5	608	622	679	61	Non-targeting	ID_137
GGCACCGAACTGGAACTGA	Jzaqrh	719	915	846	785	Non-targeting	ID_138
GGTCCGGCCACGCAATGCA	Zexgq29	964	804	86	833	Non-targeting	ID_139
TCCACCATGGAGCTCCTGCG	Wotwb	537	485	928	663	Non-targeting	ID_140
ATTTCCACAGATCCGGAACATGG	Rsbq0	892	735	731	209	LOC105372295	ID_141
ATTTCCACAGATCCGGAACATGG	Rsbq0	892	735	731	209	MED26	ID_142
GAAGGCACCTCAAATAAAGG	Vkxipvz0	207	505	829	105	TUSC7	ID_143
GGTGGTGTGTGGCTATGGTG	Juast	509	591	979	879	AHCYL1	ID_144
AGGTCCTGCCCAGCAGCGG	Qysdhnf8	286	923	127	954	Non-targeting	ID_145
AAGCTCATTCAAGAAAAAA	Heko15	349	583	120	863	Non-targeting	ID_146
GTAGAGTTTATAGAGGTAGGGGG	Hpidfa	351	282	954	453	MFSD5	ID_147
GTCGGTCGAAGAAATACTCG	Jcjgmqa90	228	239	925	749	Non-targeting	ID_148
GAAGATGGCGGACGCGGCCG	Nhwzt	65	211	456	402	Non-targeting	ID_149
GTTAGGTCCCTTGAGCAAG	Gvqti8	675	771	769	442	Non-targeting	ID_150
AACCTCCATCCTGTGAGCCC	Wsyazg	169	820	208	192	Non-targeting	ID_151
GGTCAGCTGATTCCTTCCCT	Pzyiw8	653	564	606	199	Non-targeting	ID_152
GGGTGCCTTGAAGAGAGTTG	Ymhtq	449	517	164	200	OR2T6	ID_153
TGACGTGCAACTCAAAGACC	Fxsq75	763	897	146	66	RPS15A	ID_154
CCCTGGGTCCAGGCCGCCG	Meuxsq3	334	429	740	947	Non-targeting	ID_155
GTGGGACAGGCTATGGCATT	Enht2	144	711	900	771	Non-targeting	ID_156
GCAGAAACACTTTCACGTA	Qldbrk39	60	744	963	842	Non-targeting	ID_157
CCCTAGGACTAAAAAGCAAA	Urva39	583	637	146	616	SLX4	ID_158
CAACAACCAGCAGAATGCCG	Fmhctyb	795	235	161	338	UBAC1	ID_159
AGAAACTTTGTGAAATTGAG	Gvszgh8	353	488	925	950	DEK	ID_160
ACCTCCTGGCACGAGAAGGGCGG	Fzwc6	779	764	318	848	Non-targeting	ID_161
GGATATCACAGGCTAAAGGA	Uhaumof86	46	101	409	126	THAP7	ID_162
GAACACAAAAACTGGTCGG	Juast	98	915	933	275	Non-targeting	ID_163
GGCTTCCTATGAAAGAGAAG	Jbxdtih9	553	775	781	230	SPAM1	ID_164
GACTCCCTGCTGCTAGAGAC	Rrqo0	941	352	400	5	LMF2	ID_165
CTCCAGCGATGTAATCGAAA	Qeim	829	915	505	25	FABP6	ID_166
GTGGTGGTGGTTGGAGGCCG	Mdzg18	490	351	647	203	MMP9	ID_167
GAAGAGGACACTTCTGATGG	Juast	991	565	970	465	Non-targeting	ID_168
ACAGAACAGTGTCTTGATGG	Nhwzt	525	784	476	255	Non-targeting	ID_169
CAGCTCTTCGTGATCGACAA	Eflp15	157	148	288	199	KCNN3	ID_170
CATCAGCTGCTTAAATTTGC	Juast	757	801	235	249	Non-targeting	ID_171
TCAACTTCAATAACGCAACT	Wuacgws	142	337	320	175	BBOX1	ID_172
CCTGCCTGTCCAGCCCGGTG	Dsfwptx2	84	978	856	986	INHA	ID_173
CCGGGCTTCAGGAATAAAGG	Wotwb	198	342	362	588	CMPK2	ID_174
CATTGTTGAGACTGTCCAG	Hstki	616	208	784	904	Non-targeting	ID_175
CAAAGAGGAGAAAGATGCCG	Jzaqrh	99	153	869	121	Non-targeting	ID_176
AGGTCAACTGCGCACAAGG	Zjrw	548	5	712	562	Non-targeting	ID_177
CCAAAGACTTGGACACCTAG	Ndxe95	298	752	316	1	MROH8	ID_178
CTATCACAGGGCGATCAAG	Mdzg18	797	727	756	978	Non-targeting	ID_179
GGACAACAAGCTCAAGACCG	Uieqtrb	847	233	62	997	GPR37L1	ID_180
CGAATACTGCTACCGCGACG	Aonu8	850	967	621	283	Non-targeting	ID_181
CTGTGTGAAGATCTTCTCTACGG	Yaczvxn	837	718	278	677	Non-targeting	ID_182
TCAAGGCCGAGTACAAACGT	Lbujspo20	436	417	98	212	ATG9A	ID_183
CTCACCGGCCACAGTTGCAG	Kmlp4	682	17	816	549	TMEM240	ID_184
CACAGTGGATGAGTTCTCGGGGG	Juast	351	663	943	753	XPNPEP2	ID_185
GCATTTCAACGTAAGTGTG	Mdrpz7	705	253	684	29	Non-targeting	ID_186
TGGAAGATAGCTCCAGCGA	Hwxp30	405	142	610	738	Non-targeting	ID_187
AGGGTGTGCAGCTTTCGTTG	Ldlb35	73	818	312	621	Non-targeting	ID_188
AAGACGTTGAACAGCTCTTC	Fmhctyb	268	590	143	22	DNAJC18	ID_189
CCGCCTCTGTAGGTTCTGTC	Ldlb35	376	256	926	986	Non-targeting	ID_190
AATCGCTGGAACCCGGGAGG	Qeim	57	417	486	380	LRRC56	ID_191
AATCGCTGGAACCCGGGAGG	Qeim	57	417	486	380	ZNF26	ID_192
AATCGCTGGAACCCGGGAGG	Qeim	57	417	486	380	L2HGDH	ID_193
AATCGCTGGAACCCGGGAGG	Qeim	57	417	486	380	LOC105370980	ID_194
AATCGCTGGAACCCGGGAGG	Qeim	57	417	486	380	RPGRIP1L	ID_195
AATCGCTGGAACCCGGGAGG	Qeim	57	417	486	380	APPBP2	ID_196
AATCGCTGGAACCCGGGAGG	Qeim	57	417	486	380	H2AZ2	ID_197
AATCGCTGGAACCCGGGAGG	Qeim	57	417	486	380	FAM83H	ID_198
AATCGCTGGAACCCGGGAGG	Qeim	57	417	486	380	NHEJ1	ID_199
AATCGCTGGAACCCGGGAGG	Qeim	57	417	486	380	TMEM191B	ID_200
AATCGCTGGAACCCGGGAGG	Qeim	57	417	486	380	FKBP5	ID_201
AATCGCTGGAACCCGGGAGG	Qeim	57	417	486	380	LY6G5B	ID_202
GAGGCCAAGTGATAACCCAGCGG	Zexgq29	764	9	957	518	Non-targeting	ID_203
TCACCAATTCCAGGGCTCGC	Doqu	74	203	314	950	SYNPR	ID_204
GCGGAAGACCCCGTCGGCGA	Jbxdtih9	13	620	209	220	FOXQ1	ID_205
ATACTCGGTGACGATGTAGA	Fxsq75	965	903	378	938	FYN	ID_206
ATACTCGGTGACGATGTAGA	Fxsq75	965	903	378	938	LOC105377945	ID_207
GCTACGCGCGGAAATGGCCG	Ndxe95	113	111	688	501	Non-targeting	ID_208
TTTCTAGGAGAAGACTGGAG	Eflp15	961	498	186	173	Non-targeting	ID_209
GAGTGAGCAGGGCTACAAA	Rhbmcui	795	374	338	108	Non-targeting	ID_210
CATCAAAAGGGAGGCAGTA	Xlgrb0	547	793	585	984	Non-targeting	ID_211
AGGTTTCGGATCATTCCGAA	Fxsq75	799	266	579	329	BCL9	ID_212
CGTGCTGGTGGTGCTGCTGG	Mrveio	815	843	51	652	GOLM2	ID_213
GTGTCATAAAATACCAGTGGAGG	Zcukgzl94	551	261	511	76	CASP3	ID_214
CCAATACAGAGGCAGAGTCC	Qysdhnf8	14	455	217	989	SRP19	ID_215
AGATCTATAACACAATTCGT	Yaczvxn	57	559	663	377	Non-targeting	ID_216
CGGCGAATCTGAATGCGGTGCGG	Dwklva21	479	188	199	902	MZT1	ID_217
TTGGCCACCGCAAAGCACTGTGG	Kmlp4	320	188	241	396	Non-targeting	ID_218
AAGCCTGGCCTCGGTCCCTG	Mwhdrs5	177	653	985	132	CXCL17	ID_219
AGGCTCCCAGAGAAATGAG	Xvwuz	927	719	813	861	Non-targeting	ID_220
CCGCTTCAGCCGGAAGGAGA	Kwznvd80	101	874	702	818	POLM	ID_221
CAATGGTAGCAGCAGATGC	Qldbrk39	293	625	417	105	Non-targeting	ID_222
ATGACTACCGTGTCAGCGG	Sjlkqgb	358	772	812	990	Non-targeting	ID_223
GATGCCGTCACGTACCTCGCAGG	Rtfgbkn1	611	37	98	284	PLA2G4C	ID_224
ATGGCATGGCTTCCTCCGG	Sjlkqgb	261	733	821	991	Non-targeting	ID_225
GGACCCGTGAAAGAGCTGGTCGG	Wuacgws	528	404	891	783	SLAMF7	ID_226
AGCTGCAAGAATCATTCAG	Zjrw	936	237	29	765	Non-targeting	ID_227
AAGAGCCTTGAGAAGATTCT	Meuxsq3	754	850	137	825	ERBB4	ID_228
CCAATGTCCAGCTTCCACCG	Rzlpq38	432	735	916	128	Non-targeting	ID_229
ACCCCAGAGTCTCTCCGACAGGG	Itvfs	811	95	295	825	Non-targeting	ID_230
GATGACGCACAGGTTCAGGA	Rtfgbkn1	418	981	789	766	DRD5	ID_231
CCGCGACTCGCGCTCGGGTT	Wotwb	451	963	373	151	FAM174B	ID_232
AACTGCCTTCATCCATCACC	Qeytcm36	447	402	861	452	AAAS	ID_233
CAAGGGTGTTTCTCCATCAC	Dsfwptx2	935	612	633	13	ASB15	ID_234
AGCTCAGTCCACTGTGTTGA	Vkxipvz0	966	614	50	322	Non-targeting	ID_235
GGGCATCCGACTCTTGTGAT	Kwznvd80	612	836	98	659	Non-targeting	ID_236
TCGGTCCTCGGCGGATCAGG	Beiwtf	234	562	525	804	MCM3AP	ID_237
ACTACAAGGGGATGGACAG	Sctgkpj1	944	368	905	93	Non-targeting	ID_238
CCACATCTTTCACACGAGGT	Zbzwj9	928	256	966	58	Non-targeting	ID_239
CCTTACAGATGAAGAAACTG	Yaczvxn	442	917	620	735	LINC01973	ID_240
AGAAGCCTCCTGGCAATCTC	Ffptj62	45	373	892	227	Non-targeting	ID_241
AGCGACAAAAAATAAAGCT	Itvfs	403	250	460	9	Non-targeting	ID_242
ATGTCCCTGAAGATATCCGG	Wotwb	501	315	363	904	Non-targeting	ID_243
TACTCAAAGACGCCTGTACC	Mwhdrs5	487	492	678	382	ZNF81	ID_244
GGGAACCCTCAAAGGTGGGG	Jbpa76	464	81	199	63	REC8	ID_245
GCCACCCTGGCTGTGGAGA	Qeim	537	881	676	171	Non-targeting	ID_246
CTAGGTTAACACCTAAAAT	Sctgkpj1	299	13	855	104	Non-targeting	ID_247
AAGGCCTCTGTGAAAGCTC	Uieqtrb	85	812	185	882	Non-targeting	ID_248
TGGAGCTTCAGGCTGCCCG	Hrazgjq47	242	988	781	437	Non-targeting	ID_249
GGGTCTCATAGTCCACACAG	Vfxncrp0	797	346	851	804	BMS1P4-AGAP5	ID_250
GGGTCTCATAGTCCACACAG	Vfxncrp0	797	346	851	804	AGAP5	ID_251
TGACCACAGGCTCACCTCG	Nisw8	437	328	583	249	Non-targeting	ID_252
ATTGTAGATAAAATAGACG	Fmhctyb	863	944	885	432	Non-targeting	ID_253
AGGGCCGAGTGGTGTGGAA	Zjozemv6	715	764	296	97	Non-targeting	ID_254
ATTGTATCATGGCTCCGTTG	Itvfs	742	563	120	825	HENMT1	ID_255
GGGGATGTAGTAGAACAGTGAGG	Ewlc8	276	172	366	324	SLC26A11	ID_256
GTTCCGATTAAGAGTTCCCA	Hpqy6	588	795	590	923	RPGRIP1L	ID_257
AAAGTGTCAGATCCAGACTG	Sjlkqgb	979	331	734	751	Non-targeting	ID_258
AGTGCTGCAGTACCATGCCA	Wsyazg	930	867	433	602	DBN1	ID_259
AAGGCAGCGGAAGCTCCTGG	Ndxe95	531	881	0	656	Non-targeting	ID_260
AAGTATCGAGAATGGATATG	Xvwuz	250	126	71	469	RTTN	ID_261
TGCAGCCACGGCTTGAAGTG	Yfijg5	854	577	309	796	STARD10	ID_262
ATCTGCAACACACTCCAGCC	Ewlc8	162	750	766	711	GJB1	ID_263
TCAAGGACCCTAATGGCCAC	Yaczvxn	526	43	974	924	CDH11	ID_264
AGTCTCCAAGATTGACAGC	Kwznvd80	673	460	223	996	Non-targeting	ID_265
CCAAAATGAGCTGTAAGAAG	Jsakmu	991	34	473	710	Non-targeting	ID_266
GGTGGACGTGGCGGCCCAGC	Qxwg6	795	302	414	797	NCAPH2	ID_267
GAAGCTGTTGTACATGAAG	Rudpz73	528	230	722	389	Non-targeting	ID_268
CCGCTGCAGGAGCCACAAGA	Rzlpq38	305	105	282	110	GYS1	ID_269
AGGAAATGGGAGGTGTTCCC	Sjlkqgb	257	465	426	349	ZDHHC14	ID_270
GTGAACTGTCAATGAAGTGA	Rhbmcui	433	471	239	832	ST6GAL2	ID_271
CCTCGTGGGACACAACCCTGCGG	Wsyazg	170	715	778	486	REXO1	ID_272
TTCGGCTTCAGCTTCAGCCC	Ideqaw	729	741	670	118	HAX1	ID_273
TTTCTAAGGGAAGCGACATC	Uhaumof86	512	82	720	386	MAP3K21	ID_274
GTCTGTACAGAGATGTGATG	Jcjgmqa90	958	31	933	870	ZNF891	ID_275
GTCTGTACAGAGATGTGATG	Jcjgmqa90	958	31	933	870	ZNF442	ID_276
GCCGCATTCCACGCAGGGCG	Sctgkpj1	651	131	897	802	Non-targeting	ID_277
GGCCACCAGCTTGGAAGCAG	Gayutvo78	124	34	911	944	CCDC78	ID_278
TGAGCAATGACACTACATGTGGG	Rzlpq38	988	557	969	206	UGDH	ID_279
TTCCTGCCTGCCTGGGTGAG	Mrveio	736	128	802	416	HUNK	ID_280
TCCATTGCAATATTCAGGG	Ideqaw	95	429	105	206	Non-targeting	ID_281
GTCCTATGGGTGTAAATGG	Eflp15	459	54	247	123	Non-targeting	ID_282
GTCAGCAGACCATAAGAATT	Gvqti8	20	779	418	941	ACBD5	ID_283
GGTGTGTTGGCCAAGAGCGC	Eflp15	738	848	952	782	Non-targeting	ID_284
TCTGGTTGTAGATTATCCTG	Ewlc8	160	542	714	717	GEN1	ID_285
TCCCTCTTCTGTGCTACTC	Lbujspo20	0	31	366	50	Non-targeting	ID_286
GTCCAGCAAGGAGACCCAG	Wsyazg	525	19	621	512	Non-targeting	ID_287
AAATTCGAATCCCCTGACAA	Vfxncrp0	9	950	151	325	Non-targeting	ID_288
TCCTCCCGAGGTTCGCTGAG	Hpqy6	398	886	923	882	Non-targeting	ID_289
AGAGTAGTTAAACTCAACGGTGG	Dwklva21	617	915	412	953	Non-targeting	ID_290
GAAGATGATGGAGTAGATGG	Gtjd	213	208	510	272	CXCR4	ID_291
CTCCTACCGAGTTCGAGCCC	Vkxipvz0	257	310	9	853	IDUA	ID_292
GATCTGGTACTTGGTATAG	Doqu	565	478	381	281	Non-targeting	ID_293
GTACTGACCGCCTTAGATGG	Pzyiw8	511	301	395	428	PCDHGB7	ID_294
GGTCAATGAGGATGACGAAG	Qldbrk39	608	761	174	262	ATP2B4	ID_295
CAGCATGGCCACCAATGACA	Qxwg6	361	847	617	714	MDH2	ID_296
TGGATAAGCACTTGGAATCACGG	Rhbmcui	226	753	940	459	PPM1B	ID_297
TCAGAAGGACTTCAAAGCG	Jbpa76	605	104	106	33	Non-targeting	ID_298
GCTGCTGCAGCGGCAGGTGC	Mrveio	835	127	604	995	HOXA4	ID_299
GCCCCAGGCCAGCAGCAAG	Ideqaw	974	898	52	562	Non-targeting	ID_300
GGCATAAATATAATCCACTGGGG	Kgfdvu	406	273	130	265	ZNF300	ID_301
TCACTTAGGAGACCAAATAGTGG	Hrazgjq47	682	284	640	530	SLC18B1	ID_302
TTGCTGCTTCTTCTTTGGCG	Zcfxwy	712	277	638	925	PHF3	ID_303
GTATCAAGCTCATCACCGA	Bqtk19	0	827	740	7	Non-targeting	ID_304
GTTCCACAGCGTCTGCACCC	Xlgrb0	762	986	326	457	ECEL1	ID_305
TCACTGCATGAATTTACACG	Mdzg18	244	302	650	179	CPSF4	ID_306
TAGCTGCCATCCCACTACCC	Mwhdrs5	218	339	618	761	NOXRED1	ID_307
TTGGTCCCATCTTGAAAGTC	Sctgkpj1	438	588	643	602	AIP	ID_308
ATGGTCAGGGGTGAGATGTGTGG	Pzyiw8	82	250	648	574	Non-targeting	ID_309
GGACTTAGTCCAGGAACCGCTGG	Fmhctyb	777	215	116	14	SLC2A4RG	ID_310
TTCAGTTCCGGTGTCTCGCC	Doqu	778	903	787	443	FCRL5	ID_311
ACAATCATCAGCTATCTACC	Beiwtf	602	574	648	177	ZPLD1	ID_312
GAGGAGGCGGAGCGCTCCGA	Qxwg6	785	721	624	802	CAVIN2	ID_313
ACAAAGAAATCAACAAAAG	Mdzg18	461	3	703	678	Non-targeting	ID_314
TTACACTGATCTGGAGCTGA	Itvfs	79	422	457	176	PYROXD2	ID_315
TTGTGGGAAAACCTTCCATC	Juast	844	311	674	29	Non-targeting	ID_316
CTCATATACGTGGTAGAGGG	Kwznvd80	99	54	101	845	PTPRN	ID_317
CTTTGTCCAGCTTGCGTGAC	Gtjd	489	40	29	9	Non-targeting	ID_318
ACATTCTCGATGGTGTCACT	Wuacgws	8	804	214	457	UBC	ID_319
AAAAACAAGAGAAATAGAGTTGG	Vkxipvz0	806	317	514	865	Non-targeting	ID_320
CTTTCCCCACCAAATTGGGT	Jbxdtih9	898	792	758	106	GTF2H3	ID_321
TCAGGTTTGGATGCTAACAG	Rudpz73	5	532	421	793	Non-targeting	ID_322
GTCAGAGCACCGGAAGTTCC	Hpqy6	565	919	199	430	Non-targeting	ID_323
AAACAAGGGCATCATCACCA	Mdrpz7	952	831	835	958	UGT1A8	ID_324
AAACAAGGGCATCATCACCA	Mdrpz7	952	831	835	958	UGT1A10	ID_325
AAACAAGGGCATCATCACCA	Mdrpz7	952	831	835	958	UGT1A9	ID_326
AAACAAGGGCATCATCACCA	Mdrpz7	952	831	835	958	UGT1A7	ID_327
AAACAAGGGCATCATCACCA	Mdrpz7	952	831	835	958	UGT1A6	ID_328
AAACAAGGGCATCATCACCA	Mdrpz7	952	831	835	958	UGT1A5	ID_329
AAACAAGGGCATCATCACCA	Mdrpz7	952	831	835	958	UGT1A4	ID_330
AAACAAGGGCATCATCACCA	Mdrpz7	952	831	835	958	UGT1A3	ID_331
AAACAAGGGCATCATCACCA	Mdrpz7	952	831	835	958	UGT1A1	ID_332
GGGGCAGCCATCTCCCAAG	Ldlb35	566	399	506	869	Non-targeting	ID_333
GGCTCACCATGAATTCACTT	Zcukgzl94	388	987	771	475	PTPRR	ID_334
GCTCGCGGCCGAGTCAATGG	Kwznvd80	511	669	259	851	PDIA2	ID_335
ATATATCCCAAGAACACGAAGGG	Wwtxj	589	70	930	44	ARFGEF1	ID_336
GGGAATGCCACGGACCACGA	Zcukgzl94	733	552	175	638	Non-targeting	ID_337
AGACTGCACCAGTGTAGCCA	Qeim	964	642	816	944	MIP	ID_338
CCAATCACAGCAAACAACG	Qmin	726	117	450	195	Non-targeting	ID_339
AGACGGTCCCCGCGAGTTCT	Mdzg18	134	273	135	766	PNMA8B	ID_340
GAAGCGCCCATCCTCGTGGTAGG	Pzyiw8	730	591	292	731	RASL10A	ID_341
CCTGATTCGAGCAGGCGAGA	Meuxsq3	384	561	649	989	SNX27	ID_342
GGAGTAAGGATCTTGCGACTGGG	Kgfdvu	774	929	659	25	TFAP2A	ID_343
GGATCTGCACAATCTGCAAG	Ideqaw	339	475	410	208	Non-targeting	ID_344
GATGAGCCAGGAGTGCCAGT	Kgfdvu	930	993	609	672	ATP6V0A4	ID_345
GGTTTCTGGAGAGTCGCCGA	Mtim	836	206	220	352	Non-targeting	ID_346
GTGCGATCTCCTTCACATGC	Kwznvd80	876	250	509	28	NAIF1	ID_347
TACGCGGAGTGGTTCGCCA	Gtjd	317	741	640	847	Non-targeting	ID_348
CTAAGAACGATGTCAGCTG	Fxsq75	328	798	686	289	Non-targeting	ID_349
GAGACTAACAGCCCCTTGGG	Jcjgmqa90	132	827	5	380	PXN	ID_350
CCATCCACAAGAATCTGCCA	Ideqaw	250	534	84	446	Non-targeting	ID_351
TAGAAGATGAAGTGACCCAG	Jzaqrh	456	914	272	81	GPAT3	ID_352
TGGCGCAGCACGTCGGCGGC	Juast	148	666	189	815	ATP2A3	ID_353
TCAAGCAGTATGGAGCGCCC	Gvqti8	381	488	323	252	Non-targeting	ID_354
GGAGGACGACTCACTCTACT	Rrqo0	369	859	90	931	USP17L10	ID_355
GGAGGACGACTCACTCTACT	Rrqo0	369	859	90	931	USP17L24	ID_356
GGAGGACGACTCACTCTACT	Rrqo0	369	859	90	931	USP17L22	ID_357
GGAGGACGACTCACTCTACT	Rrqo0	369	859	90	931	USP17L20	ID_358
GGAGGACGACTCACTCTACT	Rrqo0	369	859	90	931	USP17L18	ID_359
GGAGGACGACTCACTCTACT	Rrqo0	369	859	90	931	USP17L17	ID_360
GGAGGACGACTCACTCTACT	Rrqo0	369	859	90	931	USP17L15	ID_361
GGAGGACGACTCACTCTACT	Rrqo0	369	859	90	931	USP17L11	ID_362
GGAGGACGACTCACTCTACT	Rrqo0	369	859	90	931	USP17L2	ID_363
GGAGGACGACTCACTCTACT	Rrqo0	369	859	90	931	USP17L8	ID_364
GTCCATCTCGAAAAAAACGT	Qoeg	40	553	424	429	USP9Y	ID_365
GCAGTTTGCTCCATACCAAA	Citbe6	766	12	830	367	PAICS	ID_366
ACAAGACGGACCGGAACCAC	Xlgrb0	813	895	280	131	ANGPTL6	ID_367
GCACTCATGGAGAAAACTGGTGG	Hpidfa	420	900	70	933	BDNF	ID_368
GGATGCTACTGCTGGTGCCC	Rpun	880	593	402	772	LCTL	ID_369
GTTACCTAGAAGTGGACTA	Wsyazg	174	701	761	459	Non-targeting	ID_370
CAGAAGTTTAAAGACCACGTTGG	Zcfxwy	390	182	445	377	PFDN6	ID_371
ATCTGTTCACTCTTGTGGGC	Hwxmbru	715	744	202	550	RHEX	ID_372
CATGGATACCGTCTCTGTCG	Hwxp30	406	363	538	138	WDR31	ID_373
GCTGCCCTGGATGCGGGAAG	Rpun	826	620	593	811	Non-targeting	ID_374
GATGCCTTCAAGAGGACCTG	Gayutvo78	964	233	572	347	Non-targeting	ID_375
GGCACAGCGGAGAGAATTCC	Qoeg	293	91	436	41	EPOP	ID_376
GATGAGAAGGACTGTAGAA	Qeytcm36	31	368	329	252	Non-targeting	ID_377
ATATACAAGACGCCCAGAAG	Xvwuz	883	466	660	694	ANKRD30A	ID_378
GAGCCCTCATTGATCGAAGC	Vkxipvz0	848	931	291	452	Non-targeting	ID_379
GACACCAAAGGCGAACACC	Itvfs	969	97	600	113	Non-targeting	ID_380
GGAGCTGCTGATGCAGACAT	Ffptj62	626	198	935	80	PCDHA1	ID_381
GCAGGAACCTCCAACGAGG	Jcjgmqa90	893	511	837	997	Non-targeting	ID_382
CATGATGTACGTGCTCATTG	Qmin	544	873	663	394	Non-targeting	ID_383
TGGAGTCTGCACATTACAG	Aonu8	86	293	374	633	Non-targeting	ID_384
AGGTGTGTATGAGAGACTGG	Zbzwj9	317	542	69	211	OR1I1	ID_385
GACAGTCGCCGAGACTCGG	Mdzg18	732	963	842	475	Non-targeting	ID_386
GAAGATGTTATCCACAGCCT	Nhwzt	655	281	562	429	USP54	ID_387
GCCCCACTCACCCGAGCCG	Vzjlgte58	758	35	84	861	Non-targeting	ID_388
CTGTTAATGCCAAATCAGG	Gcarf81	450	929	798	871	Non-targeting	ID_389
AAAGCTGCAGATCAGAGGCGTGG	Jsakmu	644	219	292	139	Non-targeting	ID_390
TCATCAACAATGTAACTGACGGG	Qysdhnf8	931	291	136	406	C6orf201	ID_391
AGATCAAGCTGTGTGACTTC	Doqu	399	472	686	412	LOC407835	ID_392
AGATCAAGCTGTGTGACTTC	Doqu	399	472	686	412	MAP2K2	ID_393
GAGCTGCAGCAACGTTCGGT	Kmlp4	27	572	824	206	Non-targeting	ID_394
AGTATCAAAGAGAGCAGCGT	Wotwb	761	563	298	998	Non-targeting	ID_395
GACATTCTGGATGGCAGAGG	Fzwc6	959	222	915	291	WIZ	ID_396
CAAGAAGTTTGTTCGGGGA	Lbujspo20	129	526	400	1000	Non-targeting	ID_397
CCCCAGAAGGCATCACCAG	Ymhtq	920	156	919	562	Non-targeting	ID_398
TCTCTCCGACGGATTGAGAG	Jbpa76	416	658	978	399	Non-targeting	ID_399
AGTTACCTGTAACTCAGGAA	Zjrw	350	749	979	41	NFE2L2	ID_400
GAGAGCCCTGTGAGAAAACG	Pzyiw8	674	448	226	279	MIPEP	ID_401
TGGGGCCCCAGCCTGCACCGTGG	Rrqo0	90	317	465	531	TRIM65	ID_402
CACAGGCGCCTACAAATCG	Gtjd	233	172	789	80	Non-targeting	ID_403
GCCGGAGGAGGGCGAGAGAA	Ffptj62	907	619	294	619	NFXL1	ID_404
TCACAAAGTTCTTCATGTG	Mwhdrs5	349	89	78	682	Non-targeting	ID_405
CATGAAGATTGCCATCGTT	Rudpz73	804	236	712	674	Non-targeting	ID_406
GCTCCTGCTGCTGCAGGGCT	Zjozemv6	885	888	12	677	TMEM190	ID_407
AGGGCCTGCGGAAGAGGCGC	Zcfxwy	814	776	631	496	Non-targeting	ID_408
CAGCAAAGATGGCTACAAAG	Rhbmcui	741	643	404	435	C1orf54	ID_409
AGGAAGCCACGAGCAGCCGT	Enht2	873	385	599	136	MUTYH	ID_410
TCGCTTCGTGGAGAATGGC	Hpidfa	36	734	446	703	Non-targeting	ID_411
TCCCCTCACCGGGTCCTCAA	Ffptj62	376	159	8	645	Non-targeting	ID_412
TGCCTTTGCATACCAGATAG	Yqhuvtw4	916	105	352	60	ZFP91-CNTF	ID_413
TGCCTTTGCATACCAGATAG	Yqhuvtw4	916	105	352	60	CNTF	ID_414
TAAGAGTGCCGTAACAACTGTGG	Jsakmu	33	130	843	886	ITGB1	ID_415
ACAGTGACGAGGAGTGGCGG	Pzyiw8	952	901	941	129	C12orf43	ID_416
CAAGTATGTATATAAATGA	Gvqti8	139	56	10	781	Non-targeting	ID_417
GAATATTATCATGCTAACG	Jcjgmqa90	270	604	489	670	Non-targeting	ID_418
GAAAACATATCCATTAAATG	Uhaumof86	883	99	85	489	EPHA6	ID_419
ACTCCGATACCAGATGCCAC	Zexgq29	455	226	437	781	ZFPM2	ID_420
TGCCCTCAGTGGAGTGAATG	Citbe6	466	518	255	988	OR8G3P	ID_421
GCCGTGCGGGTGGTGGACTT	Heko15	283	386	740	662	Non-targeting	ID_422
AGAGTCAAAGAGGCCCCAG	Wyatj5	453	341	188	286	Non-targeting	ID_423
GACAGCCTTGAATCTCACCA	Mwhdrs5	864	7	462	32	ADGRD1	ID_424
GACAGCCTTGAATCTCACCA	Mwhdrs5	864	7	462	32	ADGRD1-AS1	ID_425
AAAGATAACTGTTGACCCTG	Itvfs	554	579	724	754	Non-targeting	ID_426
AGGCCGAAGAACACACACG	Xvwuz	163	12	386	197	Non-targeting	ID_427
CTGGCACAGCTTCGCAGACA	Xvwuz	243	616	31	721	Non-targeting	ID_428
CGGTGCTGAGGAGCGGTCCC	Bxltvfh82	827	851	640	439	BCKDK	ID_429
CACGCGCGTGAACTTCACTCTGG	Doqu	332	296	579	177	Non-targeting	ID_430
CGCCGGCCCTCTGCCCTCCG	Ozxvfe04	455	370	510	448	TERT	ID_431
AACTATCCATCGAAGAAGCT	Mdrpz7	206	497	736	94	Non-targeting	ID_432
TAAAATTCGAGAAAAAACAC	Nhwzt	0	443	523	748	Non-targeting	ID_433
GATCCTGGCATCATATCCGG	Gtjd	747	991	968	683	GLRA1	ID_434
GATCCTGGCATCATATCCGG	Gtjd	747	991	968	683	LOC112267935	ID_435
CGAGAACCAGGCGAGCGCTG	Wyatj5	795	560	431	64	TTC19	ID_436
GCGCCACAGCTCTCTCCCCA	Xlgrb0	19	938	675	532	Non-targeting	ID_437
TGGAGCGTCAGTATCAACTGCGG	Gsle9	582	130	354	265	PTGS1	ID_438
CGTGTGCATAGCCTTCAAAGAGG	Jzaqrh	161	322	584	789	GPRC6A	ID_439
GGACCCCAAGATTGCAGACC	Fmhctyb	890	588	956	875	ERCC2	ID_440
GAAGAGCCCAGACCTCAGCC	Ozxvfe04	538	279	446	77	Non-targeting	ID_441
CTTGCAGTCTGGTCTTACCA	Uhaumof86	109	93	534	726	Non-targeting	ID_442
GCTGTGTGGCACAAGTGCCT	Rudpz73	768	780	164	802	WASF1	ID_443
ATCTCACGAGCCCCACGGC	Ldlb35	293	644	902	951	Non-targeting	ID_444
CTCACTAGAGTCAGGGAAAC	Gsle9	520	414	824	835	CDCA7L	ID_445
GTCCCATATTGAACTCGAGT	Vfxncrp0	814	209	503	828	MIR4444-1	ID_446
GTCCCATATTGAACTCGAGT	Vfxncrp0	814	209	503	828	MIR4444-2	ID_447
TACTGTGAGAAGCATGCCC	Vfxncrp0	905	827	945	335	Non-targeting	ID_448
TCACAGACATCCCATCGAAC	Rhbmcui	157	692	785	961	Non-targeting	ID_449
CTTTGTGGGTCAAGAGCCAT	Hwxmbru	893	587	997	275	Non-targeting	ID_450
AACGTTTCTGAACCCCGCTGTGG	Dwklva21	355	87	413	279	ANG	ID_451
TCTCCACGTCCAGCCCGAGA	Fmhctyb	514	47	160	341	SYT6	ID_452
TGCACAGGCAATAAGCACCT	Ggfes41	623	980	779	997	Non-targeting	ID_453
TTTTCTATGTGTTTACAGG	Zcfxwy	714	115	824	314	Non-targeting	ID_454
GGAAGCTACAGGTTACGGC	Ldlb35	709	425	798	241	Non-targeting	ID_455
CAGGGTCGTTGAAAGTTGCA	Heko15	66	539	734	456	ZNF346	ID_456
GATGCCCGAGCCTTTGACA	Qoeg	651	393	545	735	Non-targeting	ID_457
TGTGAATGGGCATCACCACTGGG	Gcarf81	902	393	640	211	RAI2	ID_458
GGAACTGGTGGACGGAGAGG	Dwklva21	130	261	652	602	Non-targeting	ID_459
AAAACGCCGACTTGATATTG	Yqhuvtw4	160	321	489	250	Non-targeting	ID_460
TTCCAGTCCGATTTAAGCGG	Jbxdtih9	717	591	696	785	MSC	ID_461
CTCCTTCCTTCTTCTCTGTC	Bqtk19	691	842	570	936	GTF3C6	ID_462
AAGATTTCATACCATAGGCT	Eflp15	219	348	187	596	Non-targeting	ID_463
GTTCCTGCCACTCTGGCTG	Ewlc8	672	719	53	378	Non-targeting	ID_464
TACCTAATGCCGTTTGGAAC	Mtim	268	655	165	289	CYP7B1	ID_465
TGCAAGCTGAATGTGGCAG	Rtfgbkn1	344	623	601	9	Non-targeting	ID_466
TTAAAAACTACCTGCAATA	Kgfdvu	628	278	346	169	Non-targeting	ID_467
AGCTGCCGTTCGGCTCTAC	Gayutvo78	223	157	634	894	Non-targeting	ID_468
AATCACTACCAGGTGACTCAAGG	Nhwzt	56	35	845	352	Non-targeting	ID_469
GGAGTAACTGATTTACACAA	Pzyiw8	515	961	422	89	RSF1	ID_470
TCTCTTCCCAGAAGTCCCAC	Kwznvd80	376	629	850	925	DDX59	ID_471
TGTTGAGCTCCCAAATTCAC	Vzjlgte58	866	96	628	734	Non-targeting	ID_472
ATTCAGGAGTTAACACTGCT	Doqu	15	287	964	539	TFAM	ID_473
GAGACGGAGAAGAGTACGAG	Kgfdvu	727	621	775	496	Non-targeting	ID_474
CTTTGTAGCAGCAGCCTTCA	Juast	329	998	370	317	OR3A3	ID_475
ACACGCCACATTCAAAGCCA	Enht2	14	628	909	234	IL2RA	ID_476
CAGGACTGGCCTTTTGATGA	Mrveio	487	47	684	388	Non-targeting	ID_477
AGGTCAGAACCAACGGCGC	Jbxdtih9	765	225	495	871	Non-targeting	ID_478
CTCTAACTCCTGAGTCCAG	Gsle9	424	533	539	755	Non-targeting	ID_479
ATAGGCCGAAGCTCCAAGGC	Gvqti8	689	208	406	783	COL9A2	ID_480
CTGCTTATAGAGCCACAACAGGG	Kwznvd80	356	959	305	185	EEF1G	ID_481
ATTCACGGTGCTATCTATGC	Wyatj5	414	24	426	412	SLC20A1	ID_482
GATCACTTACCTTCTCAGG	Juast	808	630	380	439	Non-targeting	ID_483
GCTCACTGCAGAAATGCAC	Aonu8	243	539	737	997	Non-targeting	ID_484
TCTGTGGCACATTCCGACC	Jcjgmqa90	406	916	862	580	Non-targeting	ID_485
GATCATCTTGAAGCGAGCGG	Eflp15	469	708	890	870	EBF3	ID_486
TTCAGCAAACAGACCATCG	Qmin	291	730	623	462	Non-targeting	ID_487
GTACCTGTCCCGGGTGAAGA	Aonu8	977	454	477	8	TACC2	ID_488
GCAGAGAGTTAAGAAAGACG	Husam49	41	464	298	806	KLHDC4	ID_489
CGTCCCCTGCTACAAGCCA	Jcjgmqa90	514	526	294	612	Non-targeting	ID_490
TGCCATGTGCAGTGAACCCC	Jzaqrh	625	743	827	531	LINC00319	ID_491
TGCCATGTGCAGTGAACCCC	Jzaqrh	625	743	827	531	CH507-42P11.6	ID_492
GCCTGAGGGCGCCGCTCGGAGGG	Citbe6	483	860	73	934	DLX4	ID_493
AGCAGGACCCCTACTTGCTA	Xvmyqf	300	100	975	12	Non-targeting	ID_494
TATCAGCCTGCTGCCGAGCT	Urva39	990	336	944	516	MKS1	ID_495
CTTAGGCTCCTGTCCCGGG	Qmin	911	304	586	209	Non-targeting	ID_496
CTCCATGAGATAAGCCATCG	Dsfwptx2	695	113	170	610	Non-targeting	ID_497
AAGAAGGTGTGTTTACCGTG	Gvszgh8	959	886	574	919	Non-targeting	ID_498
GAGCCACGCGGCAGGTCCAG	Uhaumof86	957	218	401	673	SRSF8	ID_499
CCCGGGACAACTATAAGGC	Wsyazg	569	545	82	776	Non-targeting	ID_500
TCATTAAGCAGCTTCGAGTC	Rudpz73	522	84	701	410	SMG1P7	ID_501
AGAGGCCGCTATGAAGGAGT	Eflp15	891	479	637	718	NRAP	ID_502
AGTTCAAGTAAGAAAGACG	Hwxmbru	275	436	385	211	Non-targeting	ID_503
GTGATGTATGCTGTGGCCCT	Zjozemv6	730	542	538	998	OR51I2	ID_504
GTAAACTCCAAGAAATTTCA	Jcjgmqa90	634	32	327	511	Non-targeting	ID_505
TGCTCCTTGCGTTTCAGTGG	Gtjd	365	410	231	28	HSDL2-AS1	ID_506
ATGTTTTTGAAGGCGGGCAG	Citbe6	736	880	717	966	ZIC5	ID_507
AAACCCACAGCCTGGGTAGCAGG	Gayutvo78	87	905	211	818	IFNA2	ID_508
GGTTGTGCTATTCTATGCTG	Uhaumof86	567	935	113	530	Non-targeting	ID_509
CCTTCGGACGGCTGCCCCT	Ymhtq	244	484	986	986	Non-targeting	ID_510
TATAGGGAGACACTGAAGCC	Juast	724	880	611	123	RIBC2	ID_511
TAAGCTGGCACAGATGGAAG	Qysdhnf8	807	648	421	189	MTMR1	ID_512
ACTTCCTATGGTATTCAGAA	Zjrw	138	422	833	829	DTX3L	ID_513
TGGCGCACTCCCAGTTCATGAGG	Gayutvo78	976	825	376	928	UBE2I	ID_514
GTTTCCTAGTTACAAAGTGAAGG	Gvqti8	673	806	513	116	Non-targeting	ID_515
CCTGACTGGAATGAACTGCCTGG	Hwxmbru	72	84	987	745	GALK2	ID_516
TAGATCAATGGAAGACATGG	Vzjlgte58	230	417	695	483	CERT1	ID_517
CATGGACGATGACCACCAG	Jzaqrh	368	219	714	198	Non-targeting	ID_518
CAACCGCCCTACCTGGCGG	Wotwb	270	448	1	782	Non-targeting	ID_519
CTTCGTAACCTAGGACGTG	Zjrw	322	870	305	129	Non-targeting	ID_520
GCCACGGTGCCACTGCAGAG	Rudpz73	432	6	131	954	MATN4	ID_521
CATTCCTTATGTCAAAGCAC	Zjrw	203	470	253	685	TDP1	ID_522
TGACGACGAGGGCACCGTGC	Rkcfows80	176	534	644	903	AIP	ID_523
TGCGTTCGTCGGGGCCTGTG	Qysdhnf8	909	325	962	768	Non-targeting	ID_524
GAGTCAGCCGGCAGATCCAG	Xlgrb0	430	874	185	787	SLC13A3	ID_525
AATCACGAACTTCCTAGGTG	Xvwuz	411	312	898	320	Non-targeting	ID_526
GTCACTCTCCAGTTTGCAA	Heko15	818	259	221	144	Non-targeting	ID_527
GACTACGAGTTCCCTGAAG	Heko15	214	154	727	889	Non-targeting	ID_528
GCTAGGATGAAAATGAGATG	Gtjd	958	799	535	948	ARSJ	ID_529
GCCTCAGAGGGAAGAGACAT	Dwklva21	739	508	815	142	ERCC6L2-AS1	ID_530
GTCTCACCTGAACTAGGCC	Pcauhol9	852	336	143	839	Non-targeting	ID_531
TACTTGACACTGCCTGTACT	Pcauhol9	505	99	398	340	ST3GAL3	ID_532
TCTGGACAAACTCATCAAG	Kgfdvu	268	205	542	646	Non-targeting	ID_533
ACAGATGCTGAGAGAGAGGG	Sjlkqgb	262	117	536	489	Non-targeting	ID_534
ACTCTCCCGGTCCTCCTCCA	Rrqo0	578	526	659	407	CACNB3	ID_535
GGAGTACTCACGGGTAGCCA	Gvszgh8	754	555	564	546	TMEM39A	ID_536
TTCATCTGAAGATGAAGGG	Citbe6	841	668	242	229	Non-targeting	ID_537
GCACAGGGGGCCCACAATGTGGG	Rudpz73	288	787	236	411	Non-targeting	ID_538
CAAAGCAGGCCAGAGCACGG	Dwklva21	716	966	470	494	Non-targeting	ID_539
GTACATATGCAAGCGAAATG	Kmlp4	706	447	228	990	Non-targeting	ID_540
GGTGGAGAGCAACTCCGATG	Kwznvd80	553	932	344	882	POU5F1P4	ID_541
GGTGGAGAGCAACTCCGATG	Kwznvd80	553	932	344	882	POU5F1P3	ID_542
GGTGGAGAGCAACTCCGATG	Kwznvd80	553	932	344	882	POU5F1	ID_543
ATCAAACCATCATGCGGAAG	Zexgq29	263	126	418	545	SMARCD3	ID_544
ATGAAGAAACTGAAGGAGCG	Rrqo0	329	563	891	158	Non-targeting	ID_545
TTTGTTGAAAATTCAGTGG	Zexgq29	674	787	977	817	Non-targeting	ID_546
ACATCGCCTGCACAGAGCGGAGG	Zjozemv6	697	489	291	918	GFRA1	ID_547
CCCTCGGAGATGGTGATCC	Qeim	68	381	925	279	Non-targeting	ID_548
GGTTCCATCTATGCCGAGGC	Hwxmbru	706	470	651	311	STK32A	ID_549
GGTTCCATCTATGCCGAGGC	Hwxmbru	706	470	651	311	DPYSL3	ID_550
GGAAGCCATAAGCAATGGAG	Zcfxwy	924	427	641	372	Non-targeting	ID_551
CTGTTGCCACAGCCACAGC	Zjrw	348	993	33	578	Non-targeting	ID_552
GGCGCACACGGGCCGTCGCT	Hrazgjq47	840	919	820	67	BSPRY	ID_553
CTCCTTACAAAGGTCAACAC	Heko15	489	632	263	287	MSL3	ID_554
ATCTAACATGAAAAAGGCTT	Nisw8	715	78	754	714	MET	ID_555
AGGGAAGAGATCTTCTACTG	Rhbmcui	358	47	208	797	Non-targeting	ID_556
TATGAAGTTAGATTTCACTG	Xlgrb0	68	49	283	447	Non-targeting	ID_557
GCCTTCACCTTGGAGGACAA	Kmlp4	578	675	61	522	DNAH11	ID_558
CAGCGAACTAAAGAAGAAA	Hpqy6	715	514	285	352	Non-targeting	ID_559
ATCATGGCGACGGTTCTCGTAGG	Mrveio	249	603	470	562	MS4A8	ID_560
TCTACCTCCTGCCGGGCCTT	Husam49	46	890	903	594	MAPKAPK3	ID_561
TGCCGTGCGGCGTGCTCGA	Rzlpq38	88	156	141	772	Non-targeting	ID_562
GACGGCCAAGTGTGAGCAGC	Rudpz73	972	817	748	711	KIF15	ID_563
GAATGTAAGATGCAAAGGG	Bqtk19	549	961	512	842	Non-targeting	ID_564
CATGGACCAGAAGGCTCGGG	Husam49	509	487	305	641	Non-targeting	ID_565
CTCACCTGATGCTTTGTAAT	Mdrpz7	787	119	415	800	Non-targeting	ID_566
ATCAGCTTCATTACGTGCAC	Husam49	171	374	265	446	CDC42BPB	ID_567
ATCGATGAAGGACCGGATAT	Dsfwptx2	141	151	630	43	CDK12	ID_568
TGAGCAGAACGCACACATGGAGG	Pzyiw8	635	693	697	592	RBFA	ID_569
CTTACAGGGAGCTCACTCAG	Zjrw	5	301	72	625	Non-targeting	ID_570
CCCTGTGACATACTTTGGAG	Pzyiw8	616	485	792	844	LIG1	ID_571
GGTGACCCAGGCCTACACAGAGG	Mdzg18	269	423	127	650	Non-targeting	ID_572
GCAGAAGTAGCAGGAAGGGG	Meuxsq3	42	586	830	540	ABI2	ID_573
CAATGGTGATCATGGAATGG	Rzlpq38	0	744	829	566	Non-targeting	ID_574
AACTTCAGCCTGTTTCACTGTGG	Eflp15	828	872	454	314	IZUMO1R	ID_575
GTTTCAGGCCGATGTACAG	Kgfdvu	301	209	851	880	Non-targeting	ID_576
CAGGAAATGGCTACAGAAAG	Hwxmbru	224	96	834	991	FAAP24	ID_577
TTGGACCAGGAGCCGGGAGC	Ggfes41	965	279	612	588	VPS28	ID_578
AGCGCCACAGAGCTTTCAG	Vzjlgte58	782	912	577	123	Non-targeting	ID_579
CGAGTCGCAGCTGTGCACGC	Hpqy6	658	131	269	780	NUDT18	ID_580
TTGCGCTTTGGGATCCTGAT	Vkxipvz0	155	150	756	206	PELP1	ID_581
TCTTTCCACAACCCACAGG	Hpidfa	983	735	85	560	Non-targeting	ID_582
ACAAAGGAACCTTCGAGTCA	Husam49	991	178	214	695	Non-targeting	ID_583
CAAACTCACCAAAATAGGG	Ideqaw	102	627	838	710	Non-targeting	ID_584
CATTGTGATATAGCGCTCAATGG	Zbzwj9	434	972	892	973	S1PR1	ID_585
GAAGGGCAGCCAGCTCCTGA	Uieqtrb	41	297	452	700	PLCD1	ID_586
TTAAGGAAGGCCAAGGCAG	Fmhctyb	435	526	124	900	Non-targeting	ID_587
TTTGCAGACAACACTTTCTC	Ffptj62	559	488	909	491	RAB35	ID_588
GGCGGCCCCCACCCCAGGTA	Mdzg18	763	581	854	212	YJU2	ID_589
AGCCTGGTGATGAGAAATGACGG	Sctgkpj1	958	109	367	516	Non-targeting	ID_590
CAGAAGGCCAAACAGGAAA	Pzyiw8	191	150	784	34	Non-targeting	ID_591
GTCGCTCGGACTGTAGTGGA	Zcukgzl94	765	999	154	442	Non-targeting	ID_592
CCAGGGCCAACCCTGAGGG	Vzjlgte58	595	643	538	311	Non-targeting	ID_593
GGTGTTCTATGACATCAGCA	Hwxp30	177	206	791	450	AK5	ID_594
AACTGGCCATCCATAATCGAGGG	Rkcfows80	975	651	695	900	CFDP1	ID_595
ATACCTGCCCAGGCTGTACC	Mwhdrs5	168	429	286	328	CYTL1	ID_596
GCTAAATGCCAGCCCATGTC	Gsle9	91	199	849	572	POU2F3	ID_597
ACGGAATCCAGCACTACAC	Juast	205	516	151	669	Non-targeting	ID_598
CTAACCGGTGGGCGGCCCGCCGG	Meuxsq3	806	245	442	225	HLX	ID_599
ATACCAAGAGTAGGAGAGCG	Fxsq75	324	102	645	99	CDCA3	ID_600
TCAACATGATGTCGTTATTG	Wwtxj	142	707	782	436	Non-targeting	ID_601
TCCTGGTGGCCCTTTGTTC	Qeytcm36	650	213	286	394	Non-targeting	ID_602
GCTCGGGGAAGACATCCTCG	Hwxmbru	967	878	248	367	PKN3	ID_603
CGTTTCGCCGGTTCCACTGT	Qoeg	254	125	378	236	TONSL	ID_604
CGGAAGCTCATATACTACACGGG	Qeim	882	304	694	655	FRMD6	ID_605
GACTACCAGTATGACACCCC	Gtjd	345	916	114	970	PLXNB1	ID_606
CACTGACTACTTGGCACCG	Dwklva21	351	107	826	980	Non-targeting	ID_607
GAGGGCGCCACGTAGCACACAGG	Nhwzt	761	949	411	154	ADAD2	ID_608
CACCAAAAAGGTAACGTGCC	Kwznvd80	82	710	339	969	FEZF2	ID_609
GGTGGACACAATCCCTCTGA	Ffptj62	980	240	656	725	TNFRSF10B	ID_610
CGTAGAACACAAGGCTCAGC	Kmlp4	162	595	392	884	BMPER	ID_611
AGTAAACCAAGATTTCTATG	Ozxvfe04	310	719	536	283	TCP11X1	ID_612
AGTAAACCAAGATTTCTATG	Ozxvfe04	310	719	536	283	TCP11X2	ID_613
CTGAATGGAGAATTCTCCCG	Meuxsq3	129	286	583	389	Non-targeting	ID_614
GTCCAGCTCGAATATCTCG	Xvwuz	856	525	539	829	Non-targeting	ID_615
GTTCCCCAGAATGCCAAGCA	Mdzg18	632	601	507	412	Non-targeting	ID_616
AGAACGGCTTCTCATCGCG	Hwxp30	385	292	691	540	Non-targeting	ID_617
ATGATGTTGGTGGTGTTCAA	Xvmyqf	993	808	428	133	RAD51AP1	ID_618
ATGAGTAAGAAGCAGGAAG	Ffptj62	735	472	202	290	Non-targeting	ID_619
ATCAATTACCTGCTTGATGT	Hwxp30	852	614	93	726	Non-targeting	ID_620
AAGCTGGTGTCTCTGGGGCG	Qysdhnf8	252	30	640	482	UQCC2	ID_621
GCCAAACTTGGTCACACCCT	Nhwzt	586	299	73	780	Non-targeting	ID_622
GCATTTTGGAGAATGGACCGAGG	Sjlkqgb	590	77	419	703	Non-targeting	ID_623
CGACTGGAGCGGTACCCAA	Hwxp30	970	8	502	563	Non-targeting	ID_624
CAACATAGCCCACTCCTCCA	Qmin	733	892	221	174	Non-targeting	ID_625
AGGTCTAGAGAGCAAATGAAGGG	Wyatj5	480	28	127	421	PSMB3	ID_626
CACCAGCAAATATCAACAT	Citbe6	777	318	64	330	Non-targeting	ID_627
CTCGAGGGTGCGCGTGAGGC	Ewlc8	817	989	223	559	SPRN	ID_628
ATTTCACATACAGACCTGA	Mtim	476	431	206	485	Non-targeting	ID_629
GGGAGTTGAATCAGGCCGTG	Hrazgjq47	629	805	726	869	ART5	ID_630
GAACAAGGCAGCAAGGACAG	Ymhtq	349	323	631	372	MAP1A	ID_631
CAATGTGGAGAAGGAACGAG	Sctgkpj1	553	804	9	33	KICS2	ID_632
CAGAACGCAGCGAAAGTGA	Jsakmu	958	781	968	65	Non-targeting	ID_633
GAGGAGAGAAGAGACAAATA	Wyatj5	987	623	995	376	HIGD1C	ID_634
CACCACCCAAAGTAAGTGG	Xvmyqf	631	73	185	662	Non-targeting	ID_635
GCAGCTACAGCAGGCATCAT	Hwxmbru	770	171	581	644	TIMMDC1	ID_636
CTCTTCGTTGAGCACTGCAG	Meuxsq3	19	455	435	691	ACADVL	ID_637
GGCGGCAGAGAAACTCACCCAGG	Dwklva21	978	57	586	690	CDK5R1	ID_638
CTGTACCCACTGCCTCCAG	Jzaqrh	966	996	200	899	Non-targeting	ID_639
AAAAAAAAAAAAAAAATCCC	Ndxe95	27	275	300	318	NSL1	ID_640
AAAAAAAAAAAAAAAATCCC	Ndxe95	27	275	300	318	PPM1H	ID_641
AAAAAAAAAAAAAAAATCCC	Ndxe95	27	275	300	318	EPSTI1	ID_642
AAAAAAAAAAAAAAAATCCC	Ndxe95	27	275	300	318	LOC101927879	ID_643
AAAAAAAAAAAAAAAATCCC	Ndxe95	27	275	300	318	SLC1A6	ID_644
AAAAAAAAAAAAAAAATCCC	Ndxe95	27	275	300	318	AP5S1	ID_645
AAAAAAAAAAAAAAAATCCC	Ndxe95	27	275	300	318	LOC101927069	ID_646
AAAAAAAAAAAAAAAATCCC	Ndxe95	27	275	300	318	HSPA5	ID_647
AAAAAAAAAAAAAAAATCCC	Ndxe95	27	275	300	318	GNL3L	ID_648
AAAAAAAAAAAAAAAATCCC	Ndxe95	27	275	300	318	BMP8A	ID_649
AAAAAAAAAAAAAAAATCCC	Ndxe95	27	275	300	318	BTF3L4	ID_650
AAAAAAAAAAAAAAAATCCC	Ndxe95	27	275	300	318	ST6GALNAC3	ID_651
AAAAAAAAAAAAAAAATCCC	Ndxe95	27	275	300	318	ARMH3	ID_652
AAAAAAAAAAAAAAAATCCC	Ndxe95	27	275	300	318	PPP6R3	ID_653
AAAAAAAAAAAAAAAATCCC	Ndxe95	27	275	300	318	LOC102724146	ID_654
AAAAAAAAAAAAAAAATCCC	Ndxe95	27	275	300	318	ZNF765	ID_655
AAAAAAAAAAAAAAAATCCC	Ndxe95	27	275	300	318	COLGALT1	ID_656
AAAAAAAAAAAAAAAATCCC	Ndxe95	27	275	300	318	LOC107986064	ID_657
AAAAAAAAAAAAAAAATCCC	Ndxe95	27	275	300	318	RASSF6	ID_658
AAAAAAAAAAAAAAAATCCC	Ndxe95	27	275	300	318	LOC105379094	ID_659
AAAAAAAAAAAAAAAATCCC	Ndxe95	27	275	300	318	TRAPPC9	ID_660
AGTGGATATCCAAGAAGCAA	Qxwg6	437	929	997	314	Non-targeting	ID_661
CCCCCTTAATGCACTCAAG	Gayutvo78	870	784	661	379	Non-targeting	ID_662
GATGCTGTGACCTTCGAGG	Wwtxj	89	147	16	306	Non-targeting	ID_663
ACACCTCGAACACCTCGCGCAGG	Hstki	345	975	984	155	RAB11FIP4	ID_664
CTATGACCGGTACTATGAG	Rudpz73	628	443	365	873	Non-targeting	ID_665
ACTTACTCTGTGACATACAT	Ldlb35	88	860	528	742	Non-targeting	ID_666
AACCGGTCCACTGGGAAGAA	Qysdhnf8	416	549	680	161	COL6A3	ID_667
CTGCAGCCAGTGAAGAAGCG	Qoeg	45	763	571	479	Non-targeting	ID_668
GGGCCTGGTAAATCATGCCG	Jzaqrh	354	227	484	511	Non-targeting	ID_669
CTGCAGGCAGGCTCCGCCA	Qeim	806	909	812	183	Non-targeting	ID_670
TGGGGAGATACCCACACGC	Rkcfows80	884	201	861	294	Non-targeting	ID_671
TCCAACAAGCTATCATCTAT	Enht2	250	886	666	252	Non-targeting	ID_672
CTTCGCCGTTAGCTTCTACC	Beiwtf	977	991	41	919	TMEM127	ID_673
TCAGCCACACTCACCCATCA	Uieqtrb	113	241	3	53	LYG1	ID_674
AAGCCTCGCAGCCTCCGGGTGGG	Qysdhnf8	368	844	725	705	FUT7	ID_675
GAGCAGTGACTCCTCCACCA	Hxczgaq0	911	598	80	57	MYO1A	ID_676
GTCGCAGAAAAGTATCTTAGAGG	Dsfwptx2	142	239	115	701	Non-targeting	ID_677
CTCGGGACTGAGGTACTCAGAGG	Meuxsq3	549	437	128	828	Non-targeting	ID_678
GTTTATACCAGGAACCATA	Hwxmbru	879	520	365	500	Non-targeting	ID_679
GAAGATCCCGTTCATCAGGG	Ggfes41	827	176	658	767	Non-targeting	ID_680
GAACGCCTGGCCGCCCGTGT	Gtjd	65	995	864	698	EEF2	ID_681
CATCGCCTCCCCTGTAGACG	Nhwzt	350	760	109	467	UCP2	ID_682
ACCTTGACAATGAATTCCGA	Rsbq0	256	307	893	183	CDH11	ID_683
ACATCATTCACTGTGAAGTC	Gtjd	814	1	815	546	Non-targeting	ID_684
CCACGTGAAAGTGCACACGA	Wsyazg	838	446	697	882	Non-targeting	ID_685
ATGTGCCAGAACTTCCCTGC	Ozxvfe04	964	211	217	324	SMPDL3B	ID_686
AGTGAGAAGAACTCCCGCAT	Gtjd	669	293	434	918	Non-targeting	ID_687
AGCCACAGGCAGTCCCAGCG	Itvfs	219	390	102	555	TACR3	ID_688
CTCCCTGACAGGAGCGCCAG	Rzlpq38	627	79	703	116	AK1	ID_689
TTCTCCTTCTGCCTTTATCC	Jbxdtih9	686	359	798	143	SCAF1	ID_690
ACGAACGCAGGACAGTTCCGCGG	Wuacgws	337	909	277	175	Non-targeting	ID_691
GGGAGGCGTAGACCATATAG	Rsbq0	835	436	618	313	MAP1LC3A	ID_692
CGTTCATGCCAAACTGGTGC	Jsakmu	215	188	1000	207	Non-targeting	ID_693
CAGTGAGGGATTTACTGAA	Rudpz73	153	497	746	690	Non-targeting	ID_694
AGCTGATTACATAGACGGAA	Zjrw	205	681	529	553	SMCO2	ID_695
TACCTTACCGAATATGTTAG	Lbujspo20	35	79	537	63	Non-targeting	ID_696
GATTTCTGACCTTTAGCCGG	Qmin	667	199	885	632	CPNE4	ID_697
AGGTTATCTTCACAGTGCCT	Uhaumof86	146	296	282	733	PRY	ID_698
AGGTTATCTTCACAGTGCCT	Uhaumof86	146	296	282	733	PRY2	ID_699
GAGCTTGAACACGTTTTCT	Qeim	986	355	362	908	Non-targeting	ID_700
AGAAATTTATAGCTGGATTC	Aonu8	779	600	261	320	FOXN2	ID_701
GACCTACCTTATATGGACAG	Ndxe95	732	677	670	933	Non-targeting	ID_702
CTCCCATGAGCGAGGACGCA	Ldlb35	886	3	580	101	ST6GALNAC5	ID_703
GCTGCTGAGCGCTCGGCGCC	Xvmyqf	440	101	851	804	SDHA	ID_704
AGAGCTAGTGGGTAAGTAG	Vfxncrp0	103	859	55	324	Non-targeting	ID_705
CATGCTGCTCATTGTAGGCC	Xvwuz	508	239	458	763	Non-targeting	ID_706
TCTCACCTTGGATGGCTCGGCGG	Kmlp4	961	573	412	696	CLCNKA	ID_707
ATGCTTCAACATCTCAGGT	Hwxmbru	792	26	578	572	Non-targeting	ID_708
CAGCCGGATGTCTTTGAGCT	Juast	505	775	121	504	PLEC	ID_709
CAGACTCTTGGCCCTCGGAA	Zbzwj9	189	501	402	527	Non-targeting	ID_710
TGGGTCTCTCAGCTTTGCA	Lbujspo20	647	973	575	497	Non-targeting	ID_711
ATTTTCCGCGAGTTCTTTG	Qoeg	780	630	561	197	Non-targeting	ID_712
GGCGTAGAGCGGCAGCACGG	Ewlc8	644	740	558	750	Non-targeting	ID_713
GGGGAGGGCGCAGAGGCAGT	Mdrpz7	107	273	38	880	HS3ST6	ID_714
GCTGCATCCTTGTATTGCAG	Citbe6	115	379	732	945	DOCK9	ID_715
CCTGTACGCCTTGTGCCGCC	Qmin	981	685	393	43	Non-targeting	ID_716
GGAGAACTCAACCCCGATGG	Ewlc8	807	667	411	796	RAB25	ID_717
CAGCCATCACGGATAGCACT	Ffptj62	478	825	222	417	Non-targeting	ID_718
CAAGCTGGAAGGAGAAAAG	Aonu8	10	358	259	95	Non-targeting	ID_719
CTTACCGGAGAAAGTTTCGA	Qeim	601	89	185	363	IGF2BP1	ID_720
TCTTTTCGGCAGGTGATCG	Pzyiw8	325	828	44	190	Non-targeting	ID_721
GCAAGGCAGGAGCCACACGT	Qldbrk39	4	164	770	679	CCDC85C	ID_722
CATCACAGCGCCAGGACAGG	Fmhctyb	143	102	846	969	LRP4	ID_723
GGGGACCTGGCCCACGCCAA	Hwxmbru	646	913	774	643	WDR26	ID_724
AAGGAGGGAACGCCGCCTGA	Xvmyqf	721	567	627	437	ZNF594	ID_725
GATGTACGACCGCGCTGCAG	Ndxe95	986	310	740	912	KIF1A	ID_726
ACGCCCAGACCGCAGAACTG	Sjlkqgb	709	33	15	386	Non-targeting	ID_727
TGCAGTTTACTATTGCAAC	Pcauhol9	754	515	384	981	Non-targeting	ID_728
TAAAAACGTGAATGGCAAGGAGG	Rsbq0	937	348	737	833	Non-targeting	ID_729
CCTGGTGGATCGTACAAGCC	Jsakmu	15	730	953	514	Non-targeting	ID_730
GGGGAGAGAGAAAGGTGAGG	Ffptj62	954	473	187	396	PTBP3	ID_731
GTGGTGATCGACCTGTTTC	Fmhctyb	38	478	835	133	Non-targeting	ID_732
GCAGTCACCGCATCGAGACG	Qeytcm36	556	82	766	594	TTLL11	ID_733
